"文件路径","字节数","SHA256"
"01-完整反编译结果-Vineflower/fabric.mod.json","834","7E50E096127A7F7B255493AB441C169EC0304A381A3B88A27CB72ACE5507CBCE"
"01-完整反编译结果-Vineflower/LICENSE-baritone.txt","7815","F831E7EED577481687A9BC0B48024E5E40B6F655FCDE073EDE964B50BE5D55D9"
"01-完整反编译结果-Vineflower/yiyiaddon.accesswidener","624","67E2BDEB7C36E213D0D6DF7F5DE656EBCE7E48FB3F017E3671ADAC3B56F2175C"
"01-完整反编译结果-Vineflower/yiyiaddon.baritone.mixins.json","391","2EB4C5EB6D77CB28DADE1190FC500C1AFD8E876CDE1E67DA0586EE5B0D3BAD0A"
"01-完整反编译结果-Vineflower/yiyiaddon.mixins.json","600","BAD768A489A81978FC62A5F32D7C5BE8F7060434060B6B9C1F1861261A915F3B"
"01-完整反编译结果-Vineflower/assets\yiyiaddon\gear-enchants.json","561731","477CED6D85DD5A3A513B766D4BBDCDA4C0921B92BB14DC6B41898ABE2C9861E2"
"01-完整反编译结果-Vineflower/assets\yiyiaddon\icon.png","1333","AF31E3D06892EF8B2252B912128A30CE5A9F16132F37B91229ECDEB5C51027D1"
"01-完整反编译结果-Vineflower/assets\yiyiaddon\font\spacing.json","58","721F18DD4B458AD8360C080DD8DB19D38808998F11762CAC2FFAD571D2E31EC5"
"01-完整反编译结果-Vineflower/assets\yiyiaddon\fonts\harmony_bold.ttf","8158996","43A424B85E47FB53A17B3B32026A71801F86F8E022CA6798D186B47D39FA5F01"
"01-完整反编译结果-Vineflower/assets\yiyiaddon\fonts\harmony.ttf","8261128","B8485D72EC40B9030EE19B10A5D24A14DF446E9B4D9B7EBD54BFD5F374161F79"
"01-完整反编译结果-Vineflower/assets\yiyiaddon\fonts\icon.ttf","1988","947A776C46AA98490F0E1CD36BBA05DAEBCAB9906D003A1DB25390F9BFC32E1F"
"01-完整反编译结果-Vineflower/assets\yiyiaddon\fonts\MaterialSymbolsRounded.ttf","1374924","895525556E99BD352E01F737C8E3A4A6D85A2BC374DD9E100EDA9C6EE7D39E6F"
"01-完整反编译结果-Vineflower/assets\yiyiaddon\stardew\reference-harvest-rules.json","2431","1278D21C3EE656811F7780FDC8F0255203D495F61C325E83F222D7684933DE81"
"01-完整反编译结果-Vineflower/com\yiyiaddon\YiyiAddon.java","2354","D465054AF1061A03A1A54E7DAF569EB934495FF24EF8C1D9EF374A293A24585E"
"01-完整反编译结果-Vineflower/com\yiyiaddon\YiyiAddonClient.java","2119","C529F4606833BAFC1A4A51D6A2F4E5BC6344E676A731543AAD84CE19C2FA4DBD"
"01-完整反编译结果-Vineflower/com\yiyiaddon\a\a.java","663","503CF367E818BC70F5F59F732A4E186806230BB5B7A20C7332F775B495C2225C"
"01-完整反编译结果-Vineflower/com\yiyiaddon\a\b.java","20268","D0842ACC79C4D127022F9C23038575341734C121C336262AFBBA524D5A1CE154"
"01-完整反编译结果-Vineflower/com\yiyiaddon\a\c.java","4961","51F16B2384E40F555BB2ABCC51B32F58B5E325BD7535E055D80E28D7C786D02D"
"01-完整反编译结果-Vineflower/com\yiyiaddon\a\d.java","22249","7C81CABCB7BFB4D91A204DD20368A068F103C4F34E55BDBB46566E7EA9915A0C"
"01-完整反编译结果-Vineflower/com\yiyiaddon\a\e.java","6263","F651F05F273A592B8027F5280F6692C95EA232E9C616FB2FDD4C2EFC8010002A"
"01-完整反编译结果-Vineflower/com\yiyiaddon\a\f.java","9541","6653A1AFA6DCFF700B48B259D95FFDF599B9D5B3CE04FD59520A73CC78CC47F4"
"01-完整反编译结果-Vineflower/com\yiyiaddon\a\g.java","63913","30DC1F973D9E0E34CF7A5B26F8FA1A6FDA2C35379617646BFD4889DB2A103012"
"01-完整反编译结果-Vineflower/com\yiyiaddon\b\a.java","8195","DF84FA8FBE040272B8FD3B972F66A170C87C4943EF74317B1F9E81FDF73FA2F9"
"01-完整反编译结果-Vineflower/com\yiyiaddon\c\a.java","13131","1FBEAC91DA83CB13FE7056DF3F4740366B38EE10FC3412AB2BEE566FEFEC0FBC"
"01-完整反编译结果-Vineflower/com\yiyiaddon\c\b.java","12273","106A128C53154C1AA25D04068D55A5D275EC19C180D6902E7B0042D271A39CD5"
"01-完整反编译结果-Vineflower/com\yiyiaddon\c\a\a.java","12273","D39B74390A6B40D68770F448A7F6F8E5495827F32C2C54A4DE9F03E131937ACF"
"01-完整反编译结果-Vineflower/com\yiyiaddon\d\a.java","1785","6A13C4726DC5A2E9A572D6C06C5477EFDAEFC20A620081DD1B159D90771ABCAF"
"01-完整反编译结果-Vineflower/com\yiyiaddon\d\b.java","1005","05332084C5B39814A496FEC5B317484A9CB2EE28DEF458F38937D6620C39DED0"
"01-完整反编译结果-Vineflower/com\yiyiaddon\d\c.java","6783","08A0C3AD432BC1B1A21B65C3870D6630B53C2C23212969F68A5B6116B2122E65"
"01-完整反编译结果-Vineflower/com\yiyiaddon\d\d.java","45091","181C9C623EE27BC023BD72743C038F6523727767F7A30AE345F94B41E285BB10"
"01-完整反编译结果-Vineflower/com\yiyiaddon\d\e.java","7705","99627BA773FE6027DCA3FDD3E32DF784E19A8878FE528E09CBA7958FE686F0B3"
"01-完整反编译结果-Vineflower/com\yiyiaddon\d\f.java","6547","D22ECF961061E7BA6F53A0D7470386B7FF80F16B141B55773910D946684E143F"
"01-完整反编译结果-Vineflower/com\yiyiaddon\d\g.java","3859","63120FDF8B865722B234394A59F3E81C16F85A938A2A7F9FBB19A0EDBBFE4F55"
"01-完整反编译结果-Vineflower/com\yiyiaddon\d\a\a.java","7636","640FD9F1A250C0416A862D62586825F5F3C70B9A8DCD67567B48F2A179AA636E"
"01-完整反编译结果-Vineflower/com\yiyiaddon\d\a\b.java","3931","89AE33BB122933279DB5379663C3B7594E2EEFD640168A23CA349C760DB80DF1"
"01-完整反编译结果-Vineflower/com\yiyiaddon\d\a\c.java","2968","7A61FF3038A15B9C91FD1EA7FDBB55AACFB4611FB089A55A11B8B680D61FCCA0"
"01-完整反编译结果-Vineflower/com\yiyiaddon\d\a\d.java","44275","EEC6ED34198EE93FD424BC5F39B11E6CF87CFADAACAE9E983E4652BEBC28CEA8"
"01-完整反编译结果-Vineflower/com\yiyiaddon\d\a\e.java","2940","C55D5E321FE7318136034EB46B78DC2AD21640AE198D40553C6033D5499BDDA2"
"01-完整反编译结果-Vineflower/com\yiyiaddon\d\a\f.java","562","ECEC414199CB1A0F78E3B576FE0AD851AA7E3A309F1EF6813C2191468580E8F4"
"01-完整反编译结果-Vineflower/com\yiyiaddon\d\a\g.java","166","380B57CC93D9CE801E05944734D416993480A17DA052D47644C7C89FB7F587C1"
"01-完整反编译结果-Vineflower/com\yiyiaddon\d\a\h.java","972","BA3B54674B3740025AE4AF1A67DB6D48D7C3319887BBB86A21D4993AFF7A22D2"
"01-完整反编译结果-Vineflower/com\yiyiaddon\d\b\a.java","2938","14CED26A4745FCF3A565841CFBB26314435D21A3913E70A61FC6E825045E37F4"
"01-完整反编译结果-Vineflower/com\yiyiaddon\d\b\b.java","1106","FC089DF4558ABC3AAC52410CA1EDEF4372A889EF3CBC55AC30D66B2204DAB3FC"
"01-完整反编译结果-Vineflower/com\yiyiaddon\d\b\c.java","5244","B362DDADDAB9465A9377DA897750548C46993EFAD7C73C7F2FBD23B26817579B"
"01-完整反编译结果-Vineflower/com\yiyiaddon\d\b\d.java","7252","8B924D02FD5ED8C9C87160C5390BAA8396FD5E16284E91CFFF367C9F34E81EFE"
"01-完整反编译结果-Vineflower/com\yiyiaddon\d\b\e.java","64579","750FE0359D3B8AC07CE7F8077ABC0F6FDAEF0FA41ED3C77E9F7F51BA1A67C6FC"
"01-完整反编译结果-Vineflower/com\yiyiaddon\d\c\a.java","13912","0932FAAEFC5E72D8DC1706C8DCF88976CEC9BF4C6F6AC8C1C15F88EEE7DDBC7E"
"01-完整反编译结果-Vineflower/com\yiyiaddon\d\c\b.java","15521","ECAE722D77833246843B51673ABC6EF802FBFB4372548FA003AFBD1940821592"
"01-完整反编译结果-Vineflower/com\yiyiaddon\d\c\c.java","1409","E8159D0E1B0290C3B00285F1F243FE733B42C20E4EA24CFB0BF28D5245566E23"
"01-完整反编译结果-Vineflower/com\yiyiaddon\d\c\d.java","1618","BB806FAE914380ECA44A146EEEDF15AB2564A864ECDA09C5B6C9A94036F1DD83"
"01-完整反编译结果-Vineflower/com\yiyiaddon\d\c\e.java","3666","7BAE84EC971EA4839D3BFF72213B8ADCE90333C5D4526A57CB7C6FC15DC6FD8E"
"01-完整反编译结果-Vineflower/com\yiyiaddon\d\c\f.java","4492","604449D4348DAC08214711629E4890FB80977634AD91A842623EEB41B311CE75"
"01-完整反编译结果-Vineflower/com\yiyiaddon\d\c\g.java","14381","CA88F916028687E8CCF6AEF2BF7462991218D92ABDE45FF2B589F5CC6EEE05ED"
"01-完整反编译结果-Vineflower/com\yiyiaddon\d\c\h.java","93","6926E4045196BFF1E9D531CC7A9C0220B39B415213B9A4716D17F726470ABEDC"
"01-完整反编译结果-Vineflower/com\yiyiaddon\d\c\i.java","8030","54CE8E6BE7E6D65D80A573F7684A22DBED7591A99DD726F361B7AF2BD9233666"
"01-完整反编译结果-Vineflower/com\yiyiaddon\d\d\a.java","3731","F1A5E0EDCCAA29C4A376346531358A54D6E2989F84C88E37EB176D7EDACF7398"
"01-完整反编译结果-Vineflower/com\yiyiaddon\e\a\a.java","37515","8E19D52A9F01EF16B143E90E56C20C8E310D555C3640FD5ED68884629D956272"
"01-完整反编译结果-Vineflower/com\yiyiaddon\e\a\a\a.java","15284","C26195C44BF2F1B69127BEF2517E42690A1634BCC548120926E97B2ED412E1CD"
"01-完整反编译结果-Vineflower/com\yiyiaddon\e\a\a\b.java","1624","D5C94C8DF104FA4C3ED1DA37C432B3EE95222CE6FA64030A5594FE2133D8521D"
"01-完整反编译结果-Vineflower/com\yiyiaddon\e\a\b\a.java","13431","6F351A3D607FA3066AF7222412146B866CD07747EA19FE3F1C05F0A4BCF3AE5B"
"01-完整反编译结果-Vineflower/com\yiyiaddon\e\a\c\a.java","785","5AC6A70FEE19FC5DCB8EAD960DBE231CE7E69A62B39B81B55ED0FBDE8F842E1E"
"01-完整反编译结果-Vineflower/com\yiyiaddon\e\a\c\b.java","23107","511160CD99805AF76C80CDB042CB697ACCDF6BC35A17FA087DD8E36B2980FF31"
"01-完整反编译结果-Vineflower/com\yiyiaddon\e\a\d\a.java","42235","CE12F93BFE945CB2D5AC84FAAB76A9B07BE79109D91220B9E6DC9874BFA1DF23"
"01-完整反编译结果-Vineflower/com\yiyiaddon\e\a\d\b.java","10056","3EB082C8D332D7AC5B8BEDC5691D06B9F3F1BAF12793306105A490C5B12A4BB9"
"01-完整反编译结果-Vineflower/com\yiyiaddon\e\a\d\a\a.java","6157","024F50513A90F23FE41FF4EDE9927FFA7F34971BCFBED6CEAA6BD24294C57583"
"01-完整反编译结果-Vineflower/com\yiyiaddon\e\a\d\a\b.java","10527","7DED513F7D80FE357A7C77AC42011BDC756F578F9A348B3B6C92C094DBBFB9F7"
"01-完整反编译结果-Vineflower/com\yiyiaddon\e\a\d\a\c.java","5491","9051DC3CBADBC69C24DDBAE17CEEF52BB38D7F761F734E7ADC8E5C141062218F"
"01-完整反编译结果-Vineflower/com\yiyiaddon\e\a\d\a\d.java","3656","BA86C12B3FB5C6117242D0CDFE221021706CC551ED7C85A1E7E1F291B1D55CC8"
"01-完整反编译结果-Vineflower/com\yiyiaddon\e\b\a.java","43630","0075055BF49CA657BAAD7A8A87088937919D9D61B7F867A7451F068C73BE1B5E"
"01-完整反编译结果-Vineflower/com\yiyiaddon\e\b\a\a.java","45985","A9B0D40F96232D0ACF297F609429D342E5A5B029255DF7D1424849FC90954975"
"01-完整反编译结果-Vineflower/com\yiyiaddon\e\b\b\a.java","31055","3354D1592DAC3E925B76F54679495CD1AA9566732D2025FCFF0FFF905A69AA51"
"01-完整反编译结果-Vineflower/com\yiyiaddon\e\b\c\a.java","67884","17B53954A142CD22D74830FAAC52DDD1037E5934852409F921931F517D145553"
"01-完整反编译结果-Vineflower/com\yiyiaddon\e\b\d\a.java","12101","8AC3889B7C7CC33AA7CF2765C72604A85AD9ACDA15650FF191853A8FE0B67052"
"01-完整反编译结果-Vineflower/com\yiyiaddon\e\b\e\a.java","13426","911F2404FF5D4F16B3BFBCBA9BC9A2982A099A1CF341BEA0F9F972A26D74B8E3"
"01-完整反编译结果-Vineflower/com\yiyiaddon\e\b\e\b.java","2844","06D5D77D6FAEEF0E5725E8ABE23A719860CFC32C4EB88033671DAFE5D6D65293"
"01-完整反编译结果-Vineflower/com\yiyiaddon\e\b\f\a.java","50985","745AD9007F8C751813B3CE3D45A6C646AEAC8288084C43760617034DC2D64635"
"01-完整反编译结果-Vineflower/com\yiyiaddon\e\b\f\b.java","11070","3F4B067B0A6E5F086DA1BDF5AA76EBE941A6877AC881BFE6350E11DE153C0944"
"01-完整反编译结果-Vineflower/com\yiyiaddon\e\b\g\a.java","42526","1D728762AC9291605C3CA3A2FA1C1E81A6C88CEF752B0ACDC0DCD912536124F7"
"01-完整反编译结果-Vineflower/com\yiyiaddon\e\b\g\b.java","8397","56DF46FB0D4EDD7CA439732DABC8614CCC425FA6A42DA6A7944DAC75D1157592"
"01-完整反编译结果-Vineflower/com\yiyiaddon\e\b\g\c.java","5453","3BA0B617057730E65D6DBADB930D7172B18445B3CFDC84062CEF185CDEB8BE86"
"01-完整反编译结果-Vineflower/com\yiyiaddon\e\b\g\d.java","9175","AC9DF5FA287F65C6B54F4365270EBB1C04D4D48ECE458F807A5E290AACC0A37B"
"01-完整反编译结果-Vineflower/com\yiyiaddon\e\b\g\a\a.java","8451","DFC357591BA7BF2E41E63397706A73486F143B1473547E9CF6BF00E0C67E8F38"
"01-完整反编译结果-Vineflower/com\yiyiaddon\e\b\g\a\b.java","9794","C086803C0C100B71206AAD014C4080A31EC4329CBC9CF8C7E1C92BB3B3C61F4C"
"01-完整反编译结果-Vineflower/com\yiyiaddon\e\b\g\a\c.java","12317","4F1EB8B7C124C2A4D2822E496B5CC82FAF3A68AE684819080433A30C762B618C"
"01-完整反编译结果-Vineflower/com\yiyiaddon\e\b\g\a\d.java","7811","16D2EB0716AD37B2FC97266183B07B31CBAE8193D9D78BF2A2F45E7A5EFD075F"
"01-完整反编译结果-Vineflower/com\yiyiaddon\e\b\g\a\e.java","8959","53F66884C8A8BA719AF865B993D9DA51B13EFB63EBDF928AD15902E6279CE996"
"01-完整反编译结果-Vineflower/com\yiyiaddon\e\b\g\a\f.java","10365","5BF1145FA6E326BF730B10A164740CF33CF829A17113EE527A6ACBACB1F356EA"
"01-完整反编译结果-Vineflower/com\yiyiaddon\e\b\g\a\g.java","27409","82A9604F997166790F1AA56CA1733EDE069CCEDCB1298992A10C1F793382988B"
"01-完整反编译结果-Vineflower/com\yiyiaddon\e\c\a.java","100073","AE84D895E1575BEDFBB06B331181DB6F1177FF514FA18D4D5223FE7D8234EEA9"
"01-完整反编译结果-Vineflower/com\yiyiaddon\e\c\a\a.java","71445","770B52E5DBDFBB787DB13860FEA75F74AD1B039F696FD93949C0E1960078A0EB"
"01-完整反编译结果-Vineflower/com\yiyiaddon\e\c\b\a.java","26791","0B247E0A949D79C584CA307D271F19179D3B77F37F34BB85783B07F28817B7A7"
"01-完整反编译结果-Vineflower/com\yiyiaddon\e\c\c\a.java","1417","8652655175A4F9AAB2409EC348D049B4DF691CE10C27EC9BE220EE3F76DC40F8"
"01-完整反编译结果-Vineflower/com\yiyiaddon\e\c\c\b.java","1392","2D58E3FDAF67321A180BD38FB60584DBECBCE1038440343A8D530A9BE155E560"
"01-完整反编译结果-Vineflower/com\yiyiaddon\e\c\c\c.java","1396","C7ABE603A355B3E549379CD7D3D54CE0FF1DF919107FACEF486406DA7DBA1595"
"01-完整反编译结果-Vineflower/com\yiyiaddon\e\c\c\d.java","72708","BA3F6EB92E37E0DDCC701CDD72CF04B6A5A86AD349B87C85715FC0902457F494"
"01-完整反编译结果-Vineflower/com\yiyiaddon\e\c\c\e.java","46681","BBD9FD1E1B37D39C8097A813C2D0AA5AD336355CC4F1A3EB5EA60A59D6F45DF8"
"01-完整反编译结果-Vineflower/com\yiyiaddon\e\c\c\f.java","6254","575AD8C757855D0BD38B4E90A258D19A83FE5A3E2620B4E39C95C0D5B3E38D11"
"01-完整反编译结果-Vineflower/com\yiyiaddon\e\c\c\g.java","21410","D9B42AF2D716F2BA8DCFDEEE5311178B37F74E691F49C440B6F2A5E67BA3B2F3"
"01-完整反编译结果-Vineflower/com\yiyiaddon\e\c\c\h.java","6933","B30DDBB6904906D6329AA7F2E3F2E8D201E3CC41BCE947986F447625E7A15DCA"
"01-完整反编译结果-Vineflower/com\yiyiaddon\e\c\d\a.java","24753","5A5BDD55343B371BD2CA8E7ADA6F65CE9DAE021FC599FF3D7F86A717AACB3940"
"01-完整反编译结果-Vineflower/com\yiyiaddon\e\c\d\b.java","2892","7B40E1F4F87A1BDDDC28EE8620391EBABA04A7E59CBCC2035D49233938D7020E"
"01-完整反编译结果-Vineflower/com\yiyiaddon\e\c\d\c.java","1775","9BB5DCC802FF53CA0E2B1B7029ABBFAD8532D1E9F7E472D8B914B7AC5106175A"
"01-完整反编译结果-Vineflower/com\yiyiaddon\e\c\d\d.java","565","5AE124E154F83242911C84391D59D5882C38C3F78D1A169471832EA0C8FC30A0"
"01-完整反编译结果-Vineflower/com\yiyiaddon\e\c\d\e.java","604","111BA699DF13110349E101AC7E7C261337F9E85FB3A0038A9DEE653D5A97CFCB"
"01-完整反编译结果-Vineflower/com\yiyiaddon\e\c\d\f.java","820","8412797FE0D1D45933D6F5D3CFE5F6F4A1E66A0834200EA90E6168034DAA5E84"
"01-完整反编译结果-Vineflower/com\yiyiaddon\e\c\d\g.java","1624","8F8EB5C0FF25AE4323B9D1DE2A9EBA0A602EE57FBD11A9305BA6015F7FEBCFD8"
"01-完整反编译结果-Vineflower/com\yiyiaddon\e\c\e\a.java","51203","7B4B89F7C2DF3030EC44653F8C1AC271CEC226333CFCC7450872250989FAC3EA"
"01-完整反编译结果-Vineflower/com\yiyiaddon\e\c\f\a.java","8871","5F0D53F5A8B9C1F9CE2D1DB32E4299AD80C27223A4506A0B93E94B3509D718CC"
"01-完整反编译结果-Vineflower/com\yiyiaddon\e\c\g\a.java","52098","33B955DD776995811DCB1431009F88297BD10855A5DAA260BEA7742D83A43986"
"01-完整反编译结果-Vineflower/com\yiyiaddon\e\c\h\a.java","42332","B7DA9C98701F1B9AA38E65DC4635DD38A10784C033A5F30E1A6702DC2DCCD4C1"
"01-完整反编译结果-Vineflower/com\yiyiaddon\e\c\i\a.java","23744","F1F9415C0EE6BE4F1B82A6857A793BFDE700EFBD661F18900729BAED0DD8EE68"
"01-完整反编译结果-Vineflower/com\yiyiaddon\e\c\i\b.java","25993","E79B10926FD338A5E0452016AA0CCB68572149159EC7FA49B0C081DCFC3C3664"
"01-完整反编译结果-Vineflower/com\yiyiaddon\e\c\i\c.java","23903","52EE3E1ADAADB2852D0FE69DBB9931E3BF5F73AC391A4DB52EEDCA96DBAA912F"
"01-完整反编译结果-Vineflower/com\yiyiaddon\e\c\i\d.java","9489","CD35C3C7619FDEA58AC5FBEA1B24815A6A6452C92D08056B35D0F26DE8E6DD0A"
"01-完整反编译结果-Vineflower/com\yiyiaddon\e\c\i\e.java","94","6DC2B452A34D2EA2D55E20C2DD6973464E51CFEE8E50A1A29FCFA93AC078D911"
"01-完整反编译结果-Vineflower/com\yiyiaddon\e\c\i\f.java","11009","D1CF4412DDB12CBC744EBD740702B4A6FEC83FDDCD06F387B5DAB2F94AC6E2C8"
"01-完整反编译结果-Vineflower/com\yiyiaddon\e\c\i\g.java","8285","15D809594682DEA708A66015ED40562DDBB72142EB8B4CBDCED2216AA086DF7D"
"01-完整反编译结果-Vineflower/com\yiyiaddon\e\c\i\h.java","15665","6B5801596EE46DE28A32049CD2B14DA4DD479E15AAD4B1EC90F19299DEB2AEC7"
"01-完整反编译结果-Vineflower/com\yiyiaddon\e\c\i\i.java","9687","52EB759DC6443B1FD8EDBCC29B556E758AE17DEA5D1CF0D47B5D48E105E682D6"
"01-完整反编译结果-Vineflower/com\yiyiaddon\e\c\i\j.java","4474","51051D3DDD6773F8672A91DA5FA68A9283D7968EB5065CED455CDCE0E2461E34"
"01-完整反编译结果-Vineflower/com\yiyiaddon\e\c\i\k.java","2843","EAD134A079DFB4D26484521A2F9DC224DB580ED66B8236583BC146B046A8F97D"
"01-完整反编译结果-Vineflower/com\yiyiaddon\e\c\i\l.java","2435","A347485CA8DDB916C682DA2CFCC7D9F3FB3833372D3F404FDD26CA54FF0995A9"
"01-完整反编译结果-Vineflower/com\yiyiaddon\e\c\i\m.java","14609","895B1E3D0FCD1109425C224CB3E3242F6E03DDE0F40EFA35D9A97553E02D6E0E"
"01-完整反编译结果-Vineflower/com\yiyiaddon\e\c\i\n.java","4461","24804A445D0826090101129CCAFDD8E6CCBB1F5B4E75716A8F64088CF59641FB"
"01-完整反编译结果-Vineflower/com\yiyiaddon\e\c\j\a.java","10796","3C81032BAE343F615771B948FFEE33E1513F5EC147DCC91946FE50E62468C5C8"
"01-完整反编译结果-Vineflower/com\yiyiaddon\e\c\j\b.java","13206","812DE25DC603D80C5AE4AE8BCF9C1008E2447FB65B2CC9020C7204351A6F69BC"
"01-完整反编译结果-Vineflower/com\yiyiaddon\e\c\j\c.java","13614","8C100DF82B1AE5EE15C7860ACB448CDF9D00612399B4389FB4ADF71D5F7DF8DE"
"01-完整反编译结果-Vineflower/com\yiyiaddon\e\c\j\d.java","10792","774B3E596E4558EF121F7F397A87C2B41B22964E749C580578628B3A93178039"
"01-完整反编译结果-Vineflower/com\yiyiaddon\e\c\j\a\a.java","31575","89996D87C2E133131E954B16B5E09F51423D5E0549E291CBAA4E4DCCA5F17FD7"
"01-完整反编译结果-Vineflower/com\yiyiaddon\e\c\j\a\b.java","12823","EF68895F36611FD60ABA3DF9F7C052E80FF3434797BB28EF1B9301CFF3D6B9EB"
"01-完整反编译结果-Vineflower/com\yiyiaddon\e\c\j\a\c.java","3577","9E81A4DDC4B15C6356E7CE139FEC44178B896EAF151141F477B83E43C9E7FEF7"
"01-完整反编译结果-Vineflower/com\yiyiaddon\e\c\j\a\d.java","11161","AF4DC8D5272600977AAC8219BF34C2DFDB953D1B96CF34C4CB94F6CBBC053C85"
"01-完整反编译结果-Vineflower/com\yiyiaddon\e\c\j\a\e.java","6174","BE2DC62485C134D35467922AFE6752D5DD6E270BD090F77873BAA18B0EAA5467"
"01-完整反编译结果-Vineflower/com\yiyiaddon\e\c\j\a\f.java","351","47BBCBF0819CE9BB837E58BC4B784CB72544641FE0A9DC5923E649CB087D499D"
"01-完整反编译结果-Vineflower/com\yiyiaddon\e\c\j\a\g.java","16885","F42B8EAC27B7F0B11976A7A988E33656936E79F364E75934DC3DD5729AC4F729"
"01-完整反编译结果-Vineflower/com\yiyiaddon\e\d\a.java","110062","16E1B0E29A8A5C815E874934149674741B45DFF148DFD30EE70E247BD3B93335"
"01-完整反编译结果-Vineflower/com\yiyiaddon\e\d\a\a.java","63292","C520409B84005DF2D560A96B95C5C4D448B5677405CFC2A62F528DF398C95125"
"01-完整反编译结果-Vineflower/com\yiyiaddon\e\d\a\b.java","20655","1A23E6490A2042E4990FE1664B7DDBCF0D5DABC6706A10B21918D15D431CCD3F"
"01-完整反编译结果-Vineflower/com\yiyiaddon\e\d\b\a.java","2070","5CA90107E04F6316E790AEDC0A7C58749C73A2842C8770C89ECFDAE4AD2E3D0F"
"01-完整反编译结果-Vineflower/com\yiyiaddon\e\d\b\b.java","180","07201A8F220239FF12F5BF7A0D9063C82411EF792F77DA47ED8B3F4548AC08D5"
"01-完整反编译结果-Vineflower/com\yiyiaddon\e\d\b\c.java","417","EE7EB311340009BC8C3D801A02BC919E9B564B8C8272486AF9DFB9E551EE78C1"
"01-完整反编译结果-Vineflower/com\yiyiaddon\e\d\b\d.java","4067","A0F1D4DF50E0221D3CD9686C681DA3F42A4F20A6067D87B22AEE1E3EB07FEFEE"
"01-完整反编译结果-Vineflower/com\yiyiaddon\e\d\b\e.java","4487","20E9F66275AB785973BE9A3A8B73C581BAC23F2303FC42C20DFB65B3D0766518"
"01-完整反编译结果-Vineflower/com\yiyiaddon\e\d\c\a.java","22180","A272C57C204A27BA441EC2292D0259CD623A652B9A9269EDD16B74CAAD2F4CED"
"01-完整反编译结果-Vineflower/com\yiyiaddon\e\d\c\b.java","503","5B892BCF7B8D28882B8DA01055E3D5EF132550AD9BAEC42F53C90EB33863CFC1"
"01-完整反编译结果-Vineflower/com\yiyiaddon\e\d\c\c.java","27939","116A513FAFB05AE512C9DCA476BD666844892930641DFE0F3BECD5D21B00CB9E"
"01-完整反编译结果-Vineflower/com\yiyiaddon\e\d\c\d.java","4562","D4AB22540EE056818B3C7740501EB9A0A0DBBA09946572C11E85C67F09F5F38F"
"01-完整反编译结果-Vineflower/com\yiyiaddon\e\d\c\e.java","23908","87BB217194766CB4FFAC4F2C108472707FF092A1012382A447376DB2E26CD4EE"
"01-完整反编译结果-Vineflower/com\yiyiaddon\e\d\c\f.java","3071","1F367D3B425A62C4EB7DEAD1C07BAED45878230CE85915D44BB6A704A5DF7969"
"01-完整反编译结果-Vineflower/com\yiyiaddon\e\d\c\g.java","140483","6F0086A8BE9300CC272DF53B8393979D5ED03BC5225C6BE08B68E3ACCA132152"
"01-完整反编译结果-Vineflower/com\yiyiaddon\e\d\c\h.java","4244","652091D60E61C3C88A1904078EC2681FDE61BF217CF1524681E251A77D9AD71C"
"01-完整反编译结果-Vineflower/com\yiyiaddon\e\d\c\i.java","1398","8845D1EF256ED2E848DCC70DD93DD5CC654BF296E20F6090A2962322D4BBF1E9"
"01-完整反编译结果-Vineflower/com\yiyiaddon\e\d\c\j.java","4238","CF4B3C8B6EDCE531BBE36BB16165EF74D56E787E5B53F6D48A1C13EBDFCE852B"
"01-完整反编译结果-Vineflower/com\yiyiaddon\e\d\c\k.java","42702","D6F5F0D32E5C1070DFF63FDA0B5118D6BA92FBE14C120AA9B981EF12FCC158B2"
"01-完整反编译结果-Vineflower/com\yiyiaddon\e\d\c\l.java","44806","010FBCFAB14858B528F645E945206680D0BEC27B9FE28B9884A0095983FFC133"
"01-完整反编译结果-Vineflower/com\yiyiaddon\e\d\d\a.java","47354","00246626528E2D8F971FCD78006BCA419060A7B33B47F5370C9632C051FD523D"
"01-完整反编译结果-Vineflower/com\yiyiaddon\e\d\d\b.java","4658","46638BC9AA98E3A1F14EBD837F24A3C02F82746F5CFCDDD286BCA254771BE059"
"01-完整反编译结果-Vineflower/com\yiyiaddon\e\d\d\c.java","6611","EE54E91339B0135FB33E0497C687426591A975D0F827494D02BF0936F62EE575"
"01-完整反编译结果-Vineflower/com\yiyiaddon\e\d\d\a\a.java","19464","139AD9242CEC7195D1F9019773F0F1CDD6680098E7AAA8741C3C6E6A5AE6281B"
"01-完整反编译结果-Vineflower/com\yiyiaddon\e\d\d\a\b.java","68491","741AA447BD570B6B5B6844F61E2806DF72932350E4DF08AA1EADF529BA45CCAE"
"01-完整反编译结果-Vineflower/com\yiyiaddon\e\e\a.java","57047","8D534D9231A686874AED8862089DDF862B4729BE3B3F68BD1C1762A15E3267B0"
"01-完整反编译结果-Vineflower/com\yiyiaddon\e\e\a\a.java","40170","44CEF3CFB25DB18F6E5DA3E598165089C5054C8D9BA709438A58385DB3F482AA"
"01-完整反编译结果-Vineflower/com\yiyiaddon\e\e\a\b.java","8588","BAE122598A45195BE70FCEB04FA950912D7CC74C2EE6CEE3E2BA1890E6EA78F9"
"01-完整反编译结果-Vineflower/com\yiyiaddon\e\e\a\c.java","4741","8B5265B5BBF57CEDBE1059C41125F52607E3F7342EDB9ED107F1710926E991C7"
"01-完整反编译结果-Vineflower/com\yiyiaddon\e\e\b\a.java","1944","53F0C2336DA089487065E87831728383858325330F2B284861C155A9833A14CD"
"01-完整反编译结果-Vineflower/com\yiyiaddon\e\e\c\a.java","3617","EA1F4AC3CAF64C2F901C24A1A29A273D5C9397FDDCC5FDE3D4B55BD8F3EFF415"
"01-完整反编译结果-Vineflower/com\yiyiaddon\e\e\d\a.java","7836","1989952B25F1739F559AE7424FB7008874046044C07A1E1B387FB25C2BAA4498"
"01-完整反编译结果-Vineflower/com\yiyiaddon\e\e\d\b.java","30800","906BF48461EDD82B2088C2C72723E1127104991D6C7EAB569EB9F94AA89AC404"
"01-完整反编译结果-Vineflower/com\yiyiaddon\e\e\e\a.java","47543","3A202FC0E94AAB13E9CB11CDA3B0EC2D9097A47DA61C69FE1C0E8D014D11EB1D"
"01-完整反编译结果-Vineflower/com\yiyiaddon\e\e\e\b.java","5894","39F4DC9A8CD44A1EE4F9A20226F3ECDC2467DA724E5663E059F656FCB3046777"
"01-完整反编译结果-Vineflower/com\yiyiaddon\e\e\e\c.java","9354","D0E21FB8E2E5C9B37B58825861480A338D603369E47328DEEC1597C9AD984E4F"
"01-完整反编译结果-Vineflower/com\yiyiaddon\e\e\e\a\a.java","18204","5AFF04BC52B2F2B6B7AABC32BE0C3E4E9016BDA042A74B640B3716AC80C03FA1"
"01-完整反编译结果-Vineflower/com\yiyiaddon\e\e\e\a\b.java","20970","CB6A0FE4B9D551FE8F4854A311DB5B1572AC22D4E58324DC5F0756FC063851F4"
"01-完整反编译结果-Vineflower/com\yiyiaddon\e\f\a.java","75206","6A41ED1D60EA9640457A894CE9A16F37E92AEF9EF9BD735A207B0FE7E441412F"
"01-完整反编译结果-Vineflower/com\yiyiaddon\e\f\b.java","3587","E3CD0D94B63AB3970C36E4A3A8A937674DA01853DD76805CC28CC7A7DA392828"
"01-完整反编译结果-Vineflower/com\yiyiaddon\e\f\a\a.java","41691","B680071EC5FC1DD84AD4EF7314747694EC2BB1DA3B73137B336D827903ED3FBE"
"01-完整反编译结果-Vineflower/com\yiyiaddon\e\f\a\b.java","11273","3935880ECFFB478FF7B8683077077CDB76871C7A569FC33F542F73B81762C672"
"01-完整反编译结果-Vineflower/com\yiyiaddon\e\f\b\a.java","2743","B30FC2F9093FAE93448EC0F6C9ACE1874BA34E246FAB704CB6D47AA087101BE6"
"01-完整反编译结果-Vineflower/com\yiyiaddon\e\f\b\b.java","4132","CCEBE6C12F560F273451087B7D615BD12A94930820A7CB63478DEDCE3F97642D"
"01-完整反编译结果-Vineflower/com\yiyiaddon\e\f\b\c.java","7567","F5BDFEE4C7533261A9B6854F24BB4CD1AD3F26F7AA0BFB2371E48100ADC971D3"
"01-完整反编译结果-Vineflower/com\yiyiaddon\e\f\b\d.java","48854","4D2CC0B7B4636D6E221B4F8EBFCBBBF3C0A8EA7113766A1F690F7455F5A32AA8"
"01-完整反编译结果-Vineflower/com\yiyiaddon\e\f\c\a.java","44231","F6E4F076F6FD0AF2DF80008C7C75064179B2077199EAAE6F251F854E9A37EF6A"
"01-完整反编译结果-Vineflower/com\yiyiaddon\e\f\c\b.java","10015","A78F11609A0DB72C3EA4DE17CF3564092FE80A26DFB6BCAB545A0E193B0BA43E"
"01-完整反编译结果-Vineflower/com\yiyiaddon\e\f\c\c.java","4431","621AEC61E06A30BE29B82D4BA3E86C4E60295669D99A04F6FEF729CE8F713F3D"
"01-完整反编译结果-Vineflower/com\yiyiaddon\e\f\c\a\a.java","25862","B8EDAED827BFEDE4720DF200CCF694F05AE200797447AA20F2F180D55B59D382"
"01-完整反编译结果-Vineflower/com\yiyiaddon\e\f\c\a\b.java","12433","D4BA12765B079D160982F8B9777E5EC8EADA5ABC10DE37DF2D083F51C4FE40B9"
"01-完整反编译结果-Vineflower/com\yiyiaddon\e\f\c\a\c.java","47072","E31A44EAEDF166AF893FCB0B19CF609E029E03F60446BBF60ADC1C819C87D1AF"
"01-完整反编译结果-Vineflower/com\yiyiaddon\e\f\c\a\d.java","9695","8E336FE915E5D7EAC8A8AF16EF9B68161CD4ACB8C669CD465E9F250E608C29D0"
"01-完整反编译结果-Vineflower/com\yiyiaddon\e\g\a.java","13233","A351B2B5EC9BA4796470C39309780A3D71526EC8D36CCDD262F8E5EAB6E87E5A"
"01-完整反编译结果-Vineflower/com\yiyiaddon\e\g\a\a.java","23844","0A6E24A4E832E6994B918887612FBC0090606F86A1A317AB52661D76F82B83A8"
"01-完整反编译结果-Vineflower/com\yiyiaddon\e\g\b\a.java","82343","0A11A4D62210D6DE95B00E25EBBE5CF5825B669C59A85C6ABC5B6179D351F4DD"
"01-完整反编译结果-Vineflower/com\yiyiaddon\e\g\c\a.java","6514","5C32CCCADC85240997BB526B6FA4F94DA22E130C300D61A202AB64469533C035"
"01-完整反编译结果-Vineflower/com\yiyiaddon\e\g\c\b.java","422855","F24B7EA3A4BD470AEC07D02650F6870ADCA37B5951A7AA1BE1BA6224E9B20050"
"01-完整反编译结果-Vineflower/com\yiyiaddon\e\g\d\a.java","798","869AA4CAB20623989A1059672B48AA741F1CA06CC70E73929175B8F67CBA5EFF"
"01-完整反编译结果-Vineflower/com\yiyiaddon\e\g\d\b.java","6173","8DEF69219A13B8DBA2D9121C7F7E7B0129C432B6A4B9D4EF757A242C8400E883"
"01-完整反编译结果-Vineflower/com\yiyiaddon\e\g\d\c.java","57785","1B0AA232874C547EF0828CE9438270EE48B21F9AB7AC961B07C092AE9CF098BC"
"01-完整反编译结果-Vineflower/com\yiyiaddon\e\g\d\d.java","2526","9DE3965B95733220DDFF863FA5087FF99FF7BD4D0BECEE1D41FCF5AB0134AE3C"
"01-完整反编译结果-Vineflower/com\yiyiaddon\e\g\d\e.java","846","485D219707706AE96007AACB023C8D5D16905B2AEE53F53EE36BED9D560787AD"
"01-完整反编译结果-Vineflower/com\yiyiaddon\e\g\d\f.java","892","5FF1927BA75CB76371C7B3EC90CE171D09E42D06E70897F81A4A9D64D8E752A8"
"01-完整反编译结果-Vineflower/com\yiyiaddon\e\g\d\g.java","27691","9249C38A3F127A7D5838A4F0297E6926545B421A5CB366242A3D376515260E58"
"01-完整反编译结果-Vineflower/com\yiyiaddon\e\g\d\h.java","30798","4DDD44D7841379050E89E6D6CADD7DBCD56BEB7E79A294E6E5305BF2B76F426E"
"01-完整反编译结果-Vineflower/com\yiyiaddon\e\g\d\i.java","34063","8E9DDCB07C4C20BD2B6C907D30A2689F827E71169DCE00CB2230B441173BE482"
"01-完整反编译结果-Vineflower/com\yiyiaddon\e\g\d\j.java","24819","EE2110F4BFB61064A122BD7AA4C9AC5A26E2AFD11A48E5A7C9E0D81FECB58682"
"01-完整反编译结果-Vineflower/com\yiyiaddon\e\g\d\k.java","7307","7C3C423FCC8DF4E68CD7AB80AE35C0DC06E363BF868539A81097837A483DA58E"
"01-完整反编译结果-Vineflower/com\yiyiaddon\e\g\d\l.java","8343","47D4710D6B9F25476201DBD7E5A4A291FBD20E574E0C216996BD358D87C261BE"
"01-完整反编译结果-Vineflower/com\yiyiaddon\e\g\d\m.java","8479","BC098521B91218B3CC5327FB781EDEDC260280714D1A9B9E84BA2EDD42D189F2"
"01-完整反编译结果-Vineflower/com\yiyiaddon\e\g\d\n.java","12356","124A58ECAE98C2A6864A1C77055E46A47A71E07638CF524EF5C1CD4F35D977FF"
"01-完整反编译结果-Vineflower/com\yiyiaddon\e\g\d\o.java","11683","6E7443A1AA3AADE398D96F644C889DB5B87B87776EB0DA3F82F65A676A55668D"
"01-完整反编译结果-Vineflower/com\yiyiaddon\e\g\d\p.java","2165","7F8A9EB7CF98EFF522A2E01F90DFDE724853411C686BDE350B91D2121F4FC261"
"01-完整反编译结果-Vineflower/com\yiyiaddon\e\g\d\q.java","6088","C4CA5A5E9FDE849BB0E0C64E1E7C348D22ABDDABFFEE34FFAD38DF85C146DE51"
"01-完整反编译结果-Vineflower/com\yiyiaddon\e\g\e\a.java","220","DA670A34F2133EA0EC32C2DC2A622877860FC6FE352DA06CFE9B4E2D169B9697"
"01-完整反编译结果-Vineflower/com\yiyiaddon\e\g\e\b.java","14926","DB7D4BDCB98FED1248C47EFA35F66035CF711CFF8DDEE47F8716130F97EFB93F"
"01-完整反编译结果-Vineflower/com\yiyiaddon\e\g\e\c.java","661","E87EB61B9EB6CFE23E034904D26D1291128F7F1F1D82EF13B09234B29AF773D2"
"01-完整反编译结果-Vineflower/com\yiyiaddon\e\g\e\d.java","2718","784733AFE0B83DD6AC96F5A45272625A9FE71FC11DE6A2B0499E9CB40849695B"
"01-完整反编译结果-Vineflower/com\yiyiaddon\e\g\e\e.java","870","C086DB895A71A537946AC39AAE7A7B6067CD677DED1757B04FE6857D8EBA6C6B"
"01-完整反编译结果-Vineflower/com\yiyiaddon\e\g\f\a.java","17299","41C66E2A52CA0FEE0D3A355A76E1871D03077141E89EFC059C6E4E380E202808"
"01-完整反编译结果-Vineflower/com\yiyiaddon\e\g\g\a.java","5191","9D8C6BED1EA1A74494E03E3BE8AAE00ACEB2C0FCDD1DED8338F9EEED3DB77D5D"
"01-完整反编译结果-Vineflower/com\yiyiaddon\e\g\h\a.java","28374","D4E72BBCB71181B2C056C8459ACB910A8F8EFEF5BE196961AC0692C2DA4CA581"
"01-完整反编译结果-Vineflower/com\yiyiaddon\e\g\i\a.java","30861","E57674813725C5BC0C7B280C01B3C4F87723A8DC04EA7128B0A2DDF234390C21"
"01-完整反编译结果-Vineflower/com\yiyiaddon\e\g\i\b.java","33988","CE87B266EE2F79410D8D396D14A154F5EFCABD6A3EBFFE425383472A505AF16D"
"01-完整反编译结果-Vineflower/com\yiyiaddon\e\g\j\a.java","51181","129C8487D8AB0B8BB1C45D29639559BF0CCC70A90800EBE2A0F2E81013E9FEC5"
"01-完整反编译结果-Vineflower/com\yiyiaddon\e\g\j\b.java","19805","2D0A3A6A97CC3B228E0A9B491E47FC54FD51C8AFCBE2BBC607332C41FD6A16B1"
"01-完整反编译结果-Vineflower/com\yiyiaddon\e\g\j\a\a.java","18383","A3EA6F4CF2DF94021CE52B8383D7967F24E12D5BA873D2436714B1765E3BD43C"
"01-完整反编译结果-Vineflower/com\yiyiaddon\e\g\j\a\b.java","270","A2AFC790A6BBAB3AF66643ECF470F7A5A15D16451F05A129F65826C8F04078A6"
"01-完整反编译结果-Vineflower/com\yiyiaddon\e\g\j\a\c.java","7583","B05676FF72D933CE0285988C1E78CF89807BB35BE75D8956F80187166997A2B5"
"01-完整反编译结果-Vineflower/com\yiyiaddon\e\g\j\a\d.java","13348","0E52DCF51DBD49F8122706043BAA0F46E3C17B494210C33759DA36E50F780108"
"01-完整反编译结果-Vineflower/com\yiyiaddon\e\g\j\a\e.java","19053","557C2E903EDA5080A4CAD1CB9B48380A15B00BE1E2F1924ABDCEFD9AE2A47128"
"01-完整反编译结果-Vineflower/com\yiyiaddon\e\g\j\a\f.java","6890","F22F09DCC1A537132F797A464F37F1896F748011356A0034395E37C40B2998C2"
"01-完整反编译结果-Vineflower/com\yiyiaddon\e\g\j\a\g.java","12700","7B9CE1A4D99001E475B6CE9077F0C792A7BC548DAE39DD0BD4B95F1AC655B2A7"
"01-完整反编译结果-Vineflower/com\yiyiaddon\e\g\j\a\h.java","46932","494991CB7190C07CD22FA073CF66256607371D679F261B5CCCD33A467ECF7F45"
"01-完整反编译结果-Vineflower/com\yiyiaddon\e\g\k\a.java","14150","C46E79F1C6832FDB38F706BCD045EDFF9AB2185AAFC43758BDB8E21A88EB9378"
"01-完整反编译结果-Vineflower/com\yiyiaddon\e\g\k\b.java","59585","4A95BA867D036EDA23BA87F36782BFCE7AF78A3E089375E1B51C5DFEF9340149"
"01-完整反编译结果-Vineflower/com\yiyiaddon\e\g\k\c.java","26124","6EEE51EFDF1F64E3481A584A77497C3729D2FD3E11D19C2C784F7E3F332D0812"
"01-完整反编译结果-Vineflower/com\yiyiaddon\e\g\k\d.java","38462","DA65F0B67CE19855402300123262AC79FD38F27C04187965BD3F60F19502E6CD"
"01-完整反编译结果-Vineflower/com\yiyiaddon\e\h\a.java","56608","F74993B5679F0AB449597170BB14378EEC55FB61E37551EA8DEBE0DB6E9E8452"
"01-完整反编译结果-Vineflower/com\yiyiaddon\e\h\b.java","28063","B53D379221D84994C77AF93D76A5FD80726E0625AAC8523E9DE6C096050ABD37"
"01-完整反编译结果-Vineflower/com\yiyiaddon\e\h\a\a.java","9938","EF919B3C1CD22631E76CAACE06C7EABE7885B3075C2DDBCA75D606636A8D9658"
"01-完整反编译结果-Vineflower/com\yiyiaddon\e\h\b\a.java","4774","80587692F40799162BE8A87E9E6DC2DED4FF8820EC347E8C40E37FA5E54C0BBE"
"01-完整反编译结果-Vineflower/com\yiyiaddon\e\h\c\a.java","5087","3B50DC38D6C17D0CBFE2A71CF6F84B05DF356565278CA3E7078759867743D211"
"01-完整反编译结果-Vineflower/com\yiyiaddon\e\h\d\a.java","32616","4705727B387DAE88190E35483B3291C757694D1685295A72566AAFED07BB97DF"
"01-完整反编译结果-Vineflower/com\yiyiaddon\e\h\e\a.java","22639","D93B0E40BAFF6D88B38E50F11D5C3F268946223731620DB702743950B0E718D3"
"01-完整反编译结果-Vineflower/com\yiyiaddon\e\h\e\b.java","14321","C2BBDEDD4ABF127892B1FDA56026F53137229DAA93CA0EB3271E36EF2945101B"
"01-完整反编译结果-Vineflower/com\yiyiaddon\e\h\e\c.java","74160","357A7F4209ED8C38073C1801FDAD8BBFB721C8127AD4256233AABB912EA92DAA"
"01-完整反编译结果-Vineflower/com\yiyiaddon\e\h\e\d.java","2312","35742B4492A20EC763E386E80F64396E082BCC12F538505D77FF9B09727D3BD7"
"01-完整反编译结果-Vineflower/com\yiyiaddon\e\h\e\e.java","8121","9F6F4EB2471B1BDB8F0C3A08463D55D6E72B75F4533889E4C11ABA453E64FCA4"
"01-完整反编译结果-Vineflower/com\yiyiaddon\e\h\e\f.java","2272","8752829AFE8EA7BB3D9C66F20FDFDD29921F13F4E7FFD90CBD7596A15E415EDA"
"01-完整反编译结果-Vineflower/com\yiyiaddon\e\h\e\g.java","14478","870B8A29684628085CB56155537708159703652D5E718265FE4EFA5C6DB70402"
"01-完整反编译结果-Vineflower/com\yiyiaddon\e\h\e\h.java","3434","BA4A59482D58DABC24ABF0EB6C5260238C0ADB65FA0F7E740E23EBF77EE1B5DD"
"01-完整反编译结果-Vineflower/com\yiyiaddon\e\h\e\i.java","12479","82490252074BAB587FB0F47764A9AFECE9C417D7499B55188611C9625AA2AA60"
"01-完整反编译结果-Vineflower/com\yiyiaddon\e\i\a.java","70267","F1976216E11DEA41D91941D3C0EDB09B7B655C3729D35FCC8ED27ECBF216B240"
"01-完整反编译结果-Vineflower/com\yiyiaddon\e\i\a\a.java","5321","6E7144FABF3444D9CC8F7CC2E4311C1BBA8401380116E8ED398A6DA5B5C903CD"
"01-完整反编译结果-Vineflower/com\yiyiaddon\e\i\a\b.java","20504","4D42A2A88625B5B1913A1D4E455B974D79E4CA02889F7D6849F19AD1C769CE75"
"01-完整反编译结果-Vineflower/com\yiyiaddon\e\i\a\c.java","4817","84CB6E13B566C708EDA9617D55319627C28FE72E7A4A9002BEF904D8CCD508BE"
"01-完整反编译结果-Vineflower/com\yiyiaddon\e\i\b\a.java","5955","AB0CBD76C3C7AD9A8DDE8DAFD4ED454A13EC0A54D2CC520DA82898C6B42551B3"
"01-完整反编译结果-Vineflower/com\yiyiaddon\e\i\b\b.java","11899","57536A317873B3FC4E9AECEA158B8767C2DB5AA6609DBCAEA7B7E684DE0D5CBB"
"01-完整反编译结果-Vineflower/com\yiyiaddon\e\i\b\c.java","1484","BB55B4108162E52DA3EF4B7371C4A1A42D70D70AB4DBA7EC1B231CF6E6884FBA"
"01-完整反编译结果-Vineflower/com\yiyiaddon\e\i\c\a.java","15158","4D33D04614C6301BF49BBB12D7915EC337C15654325559320FAAB0C9D2E58241"
"01-完整反编译结果-Vineflower/com\yiyiaddon\e\i\d\a.java","471","38C65D54C55FB7BA19CF51F347A4700244CFC19C61DFE4F434A0D71D4AAF5B0E"
"01-完整反编译结果-Vineflower/com\yiyiaddon\e\i\d\b.java","5301","7F85E2D2CF87DD84249057895F7DD2CADDB7C0EC1AFAB595D08ED143B579C4FB"
"01-完整反编译结果-Vineflower/com\yiyiaddon\e\i\d\c.java","425","6EDB64E97626F3DD846D372B33A778D6D23FED4A27A2FA98E27D692FD293F0EE"
"01-完整反编译结果-Vineflower/com\yiyiaddon\e\i\d\d.java","7339","A3A29AB99222B7B12876642C626E17DAC6467410BFB277BD130AF55751B5F1EC"
"01-完整反编译结果-Vineflower/com\yiyiaddon\e\i\d\e.java","122","DC12B8EAF59DBA0083E29498CF2EA9D1A1BACD67480623E59DB80586F8628ADF"
"01-完整反编译结果-Vineflower/com\yiyiaddon\e\i\d\f.java","22555","1E1E7A6D87A617A4964557221B777766A6FC2166FC4895F881EB3FE986614B60"
"01-完整反编译结果-Vineflower/com\yiyiaddon\e\i\d\g.java","86","1D1AEEFBB0D201F714144010CA06867226B6A7B366A378E24DFCBEE5FA82AA6E"
"01-完整反编译结果-Vineflower/com\yiyiaddon\e\i\d\h.java","7756","F130BE96920CAD0BE8091496072CE817E6958262C0B3A14EBB613CBF81EBE48C"
"01-完整反编译结果-Vineflower/com\yiyiaddon\e\i\d\i.java","9760","0752F0F696A33FC2D7F143CFA3AFEDA6581FD091AEBE2F007CFF824D3C04255B"
"01-完整反编译结果-Vineflower/com\yiyiaddon\e\i\d\j.java","11416","47F0FCC537C8EA1E980C1BA1764F1AA17D253EC8CA6A972C38B5004B0B0174A0"
"01-完整反编译结果-Vineflower/com\yiyiaddon\e\i\d\k.java","4445","2359B37F02574DC3E5BDCFDB7621087DC76269567FBEB6E5AD0BF0BBF6D265CC"
"01-完整反编译结果-Vineflower/com\yiyiaddon\e\i\d\l.java","8413","980AF2BF458268A388AAE00E2B5C306C6CB9F8917B0E3C71F1EE1C257F3AEA65"
"01-完整反编译结果-Vineflower/com\yiyiaddon\e\i\d\m.java","103","3AC5AAF0C374780F6A2B3D06423C25CA30627C54B2BEE3187153765C67626191"
"01-完整反编译结果-Vineflower/com\yiyiaddon\e\i\d\n.java","137","455BA32D828C67DDE25932B48A8535506980579885CE305D7C30201DE163A925"
"01-完整反编译结果-Vineflower/com\yiyiaddon\e\i\e\a.java","17561","6F3DE3FF4985AABCD4994E6B653102735CEF60B75ACA7E9EC58E99FDE1B0C491"
"01-完整反编译结果-Vineflower/com\yiyiaddon\e\i\e\b.java","60816","B9E4CC90665F15673723E199C98866E01BA727C3E3EA8167EF7D8BDCA33B9D2A"
"01-完整反编译结果-Vineflower/com\yiyiaddon\e\i\e\c.java","22337","D0A48BF78BF6432E84A564D8F38397BCA054C0247E8A48BD265F4A3C65269953"
"01-完整反编译结果-Vineflower/com\yiyiaddon\e\i\e\d.java","36817","3120FA3BBCB16802D7BB1D6A0E5459F7A4A6FC802C13A2FDE27703B4A9EDCC6F"
"01-完整反编译结果-Vineflower/com\yiyiaddon\e\i\e\e.java","6269","1958DE761B6D40766A673CDFBDCA7F855D096E91D8B1B37C84F7FC2331B9CD60"
"01-完整反编译结果-Vineflower/com\yiyiaddon\e\i\f\a.java","1386","F9ABF9F63AE5F1C6CA98D5865539CC016710F3AFB1105F72E3FA03C5660B3F32"
"01-完整反编译结果-Vineflower/com\yiyiaddon\e\i\f\b.java","987","9EBA97E7D1FC7B0FE1E89F89DA609D0FCC571E6F4643EFEAB80FBEAF67403FC9"
"01-完整反编译结果-Vineflower/com\yiyiaddon\e\i\f\c.java","203","DCDE612C1CE9068DB2B4C463C64AAF6D1B8DEF1C75936636ABF7EF4CAEDEB068"
"01-完整反编译结果-Vineflower/com\yiyiaddon\e\i\f\d.java","142","DB8BB8909054AAA418C76CB95AD954CAFDEE804A7FD23085A5BE6341FCB8183A"
"01-完整反编译结果-Vineflower/com\yiyiaddon\e\i\f\e.java","72","1521B3E59D87C088A995303127FE8F958CCEFCE995E3423C86052259D51D01AA"
"01-完整反编译结果-Vineflower/com\yiyiaddon\e\i\f\f.java","5245","7359D8F4C3916ECAD8AFA07AEF9918C94E08FB954FBAB0F1DC2D3C2B63CD14D1"
"01-完整反编译结果-Vineflower/com\yiyiaddon\e\i\f\g.java","133","A4D124E610C288A8C026E501E297137A5A07186DF22E725586BB7E5B6D699CD4"
"01-完整反编译结果-Vineflower/com\yiyiaddon\e\i\f\h.java","152","88C43F7750DC542CE8E9B82440F89BDE1B777D6021D853DC58685C7CC4C6711E"
"01-完整反编译结果-Vineflower/com\yiyiaddon\e\i\f\i.java","292","EA88DD6690C9A2D54047F1961A923A65D0A7B9B073EE7CD9260E9DA920F915ED"
"01-完整反编译结果-Vineflower/com\yiyiaddon\e\i\f\j.java","107939","A2DF243DDEC10AC59809E147326E0217CAB2DCCDDBA16327279E2A9C1760761B"
"01-完整反编译结果-Vineflower/com\yiyiaddon\e\i\f\k.java","252","C2D53496279507FF5EA9258BD7AA0820B6F7110550EB807F41D31B7F2E5B3968"
"01-完整反编译结果-Vineflower/com\yiyiaddon\e\i\f\l.java","860","744C53EE9E41502E5CD1FCB7E302A9D98021E04D95DB753E8FF4DAC9BFA0B6C7"
"01-完整反编译结果-Vineflower/com\yiyiaddon\e\i\f\m.java","1704","E48962C8BCF142AB60A085253FB670DE46E9A3852CA0A00022F6E810A5745E02"
"01-完整反编译结果-Vineflower/com\yiyiaddon\e\i\f\n.java","178","5C2D702FEF187DE2A962193C6275DE2197E5FEA7B5C79E6E6415C0C8A5B7322D"
"01-完整反编译结果-Vineflower/com\yiyiaddon\e\i\f\o.java","1252","2B917DD7A9416AC93A8E822DCF1D140ED227B5D3A05B77C9C23817E7CDF46BCF"
"01-完整反编译结果-Vineflower/com\yiyiaddon\e\i\f\p.java","1823","B7373940D16DF9FC0452DE72B1153F54A141F261AAC0872A24AD93AB8E18DDE0"
"01-完整反编译结果-Vineflower/com\yiyiaddon\e\i\f\q.java","401","D309DDF47CC2E246FA1F04AB3FE2827F80B6240FF5D17F5975B1A7BFD35C8BA0"
"01-完整反编译结果-Vineflower/com\yiyiaddon\e\i\f\r.java","258","ADF56ECFE5970CE99FE3948CBF9DF44EFC7B231F372768E80F7692EECB9164DF"
"01-完整反编译结果-Vineflower/com\yiyiaddon\e\i\f\s.java","184","337F00C8A8F4BFF95AAD9FB148BD137CB58DFA4F6642D84A14830AD62AFC053A"
"01-完整反编译结果-Vineflower/com\yiyiaddon\e\i\g\a.java","5303","A605A38AA96A597C5B66307AC91A22D3C1D598CFA55FEDCCCD4A8132BD23D46E"
"01-完整反编译结果-Vineflower/com\yiyiaddon\e\i\g\b.java","4448","C3865EE0DB26FBEE9B5B50DC5603E165BA3F05B23C91B4BBECD5B0D1098E4901"
"01-完整反编译结果-Vineflower/com\yiyiaddon\e\i\g\c.java","33684","8EFE4BE540FB2BE8A54C316C829ECB9560BD6F5C9CEA7173DBC0C6B0B9CB9D2C"
"01-完整反编译结果-Vineflower/com\yiyiaddon\e\i\g\a\a.java","27703","CFCBB7166761ADB273548DB8101E9F3BA4A5290E063E8C7863522F920F6E15CD"
"01-完整反编译结果-Vineflower/com\yiyiaddon\e\i\g\a\b.java","3510","EE908D39B064EA3507DD9811EBFE8B90A1A0F54A9FB7598B0D41C9E1E9D577C0"
"01-完整反编译结果-Vineflower/com\yiyiaddon\e\i\g\a\c.java","20765","A44AFB9D3B9367F80922DEBF5E61DC28CE5A8414191932495DDF037D65CE49B0"
"01-完整反编译结果-Vineflower/com\yiyiaddon\e\i\g\a\d.java","20883","EFA76AF41A7D71B21E3A576EB56FFEA8626B297C8EE0FA7261FB06A6C4EDEC9B"
"01-完整反编译结果-Vineflower/com\yiyiaddon\e\j\a.java","217556","DE0D4F302CC0BC085019CC2A79D959C0CCEAAF9E3264ACD717D9B483BB7923DE"
"01-完整反编译结果-Vineflower/com\yiyiaddon\e\j\a\a.java","24986","FB14B97E759CC82131634A0C7119B8A0C9CAD4CB92AF77C98F505DEE94124DD4"
"01-完整反编译结果-Vineflower/com\yiyiaddon\e\j\b\a.java","56378","F8070D4CF38FC3261CA77DA710E1A9C5CCAAF2ED86C0A5FD3D9A5F9D76935067"
"01-完整反编译结果-Vineflower/com\yiyiaddon\e\j\c\a.java","97712","39FF3D85378652D96FA977AE86EEC307AF797B3EAE4D50268E63FC4567F187AA"
"01-完整反编译结果-Vineflower/com\yiyiaddon\e\j\c\b.java","1823","B62E2460894867D2BBF28C83773D3EBBBBED8FC37240D536E8DF67646BA5475C"
"01-完整反编译结果-Vineflower/com\yiyiaddon\e\j\d\a.java","2219","DA2FB8A8A185DBA58C0AD70969B9B62CC35A44EF98E026492BC4A347032F4426"
"01-完整反编译结果-Vineflower/com\yiyiaddon\e\j\d\b.java","74210","3BDE5D306B1E2B2B8B47BBEE86C63E6F2D6CBD286257BEE6DA7C2F61D6B4811D"
"01-完整反编译结果-Vineflower/com\yiyiaddon\e\j\d\c.java","538390","0E51616D55FB73A6EF70AF3E93DA8A9CE72C78E7A7805DE135AB1BC1263301A5"
"01-完整反编译结果-Vineflower/com\yiyiaddon\e\j\d\d.java","207","E5A809ABCECB17C596D6A7EF0717F0F7ABE75DD19FB43CE3AFDEABB611CC441F"
"01-完整反编译结果-Vineflower/com\yiyiaddon\e\j\d\e.java","31994","EC8ADFBEBD40870577CFA01340226B4771B6E4948446C8EC03A4FF2470C3F80C"
"01-完整反编译结果-Vineflower/com\yiyiaddon\e\j\e\a.java","7610","26C49C4EF15575C8AAFE380179F42F624FE1968A41ABAEF2F9F88CC33CE8E10E"
"01-完整反编译结果-Vineflower/com\yiyiaddon\e\j\e\b.java","599","E2F08C8605DC5455279E2AA0670C74FD088D444D7D192B02E51E9C406DCCA9BE"
"01-完整反编译结果-Vineflower/com\yiyiaddon\e\j\e\c.java","2016","9F94DACBE715D65B3E6BCEDBA76C757FFEABC31CC77590401EB65BAD580C6CC0"
"01-完整反编译结果-Vineflower/com\yiyiaddon\e\j\e\d.java","3620","2321E0DFAD3A1BBFE1EBF6C91D931300EB81AC539EEBCDDC29CBD1B62BA8DC53"
"01-完整反编译结果-Vineflower/com\yiyiaddon\e\j\f\a.java","22163","E4D8F7D46AA433D1D013B476E5A59F4089F733CDC6EFEAF816461AFD15CB8725"
"01-完整反编译结果-Vineflower/com\yiyiaddon\e\j\f\b.java","30797","0C3E8C289F2C0A1A0B5B8C615CF9FCD0675ABB1077086499B74A5E3EED82597D"
"01-完整反编译结果-Vineflower/com\yiyiaddon\e\j\g\a.java","6039","6DE942E051BEFF868A8D8D51C05B5825492E603DDCE7BC4C81BDDECC972C5A35"
"01-完整反编译结果-Vineflower/com\yiyiaddon\e\j\h\a.java","16187","8C3DF74109EE5A0358362B029839215CE0A5D177777DFD77BEFB1BBC6D8D4ED1"
"01-完整反编译结果-Vineflower/com\yiyiaddon\e\j\h\b.java","32564","F17DCA447218E8F46E03ED5D4ACA065BEA807A529C03E51EE5DB43585653C871"
"01-完整反编译结果-Vineflower/com\yiyiaddon\e\j\i\a.java","23413","A3B3EFB93252BCC493DFD08FA4F0CE075BBDE46E5C33F938D70DE1065E6B8CFE"
"01-完整反编译结果-Vineflower/com\yiyiaddon\e\j\i\b.java","35073","914050937E3F76707C2CEFD0C8F94BA0AE18502962DCF2BDE6BC9FCA182D834F"
"01-完整反编译结果-Vineflower/com\yiyiaddon\e\j\j\a.java","19086","01B1E48DD06689C22DA9C0BAD7B3FABD5676617A640DE47DCAF20684DC0C6DEF"
"01-完整反编译结果-Vineflower/com\yiyiaddon\e\j\j\b.java","169035","293301405E1D43D96425A792A58472A71AEEFA2D73153569A1A5D12831FA0C10"
"01-完整反编译结果-Vineflower/com\yiyiaddon\e\j\j\c.java","48186","A41355E9B70EDB6558E8F41E84CD835343EE6F9583DF9F445E568728D8736DED"
"01-完整反编译结果-Vineflower/com\yiyiaddon\e\j\j\d.java","21112","A929595B5191970D6275C4BAFCBF8679BC9C30FA259C7DF0EEFDBA1E5B612262"
"01-完整反编译结果-Vineflower/com\yiyiaddon\e\j\k\a.java","23201","EFAAE953FE098D3ADD6DA05782008FEA6B1FF9753C04BA12D693848FFE3B33D3"
"01-完整反编译结果-Vineflower/com\yiyiaddon\e\j\k\b.java","45695","D979840F12D6068FA89BEC93E9189BAC9F38992F9DB567D4E6CB20B29C1E8C14"
"01-完整反编译结果-Vineflower/com\yiyiaddon\e\j\k\c.java","36618","957A2D7BE7B3EC8688B1E3985E25A619A5466637B9661347D43C406729B78060"
"01-完整反编译结果-Vineflower/com\yiyiaddon\e\j\k\d.java","33999","12E6DF970B146A327DF3D9404F6088B1149A86C4E966E6FC666610E21C3E3B10"
"01-完整反编译结果-Vineflower/com\yiyiaddon\e\j\k\e.java","38145","A2E8B4FD0415159A0E147A0D1BD31D0020EB62C94199CA6410EADDD92697CB0F"
"01-完整反编译结果-Vineflower/com\yiyiaddon\e\j\k\a\a.java","69699","DC7DD8BE4C4C7EEC95AC833B4FB71EA79ADFD6AA4FE5A318A32307C231A01214"
"01-完整反编译结果-Vineflower/com\yiyiaddon\e\j\k\a\b.java","38200","B2CB130A2B18983A42A7A5410D85BFC7F431DE72E7BBE68120DA882B47352697"
"01-完整反编译结果-Vineflower/com\yiyiaddon\e\j\k\a\c.java","15121","1BF6D867865F4C4F1AD308F11D6685DC88FDE0163BDD33D1DC2667BE771B997F"
"01-完整反编译结果-Vineflower/com\yiyiaddon\e\j\k\a\d.java","34699","72EC584B44993D86DF4CC3C8DA7E8270C9C57903EA0969AFDBB934DE780D453A"
"01-完整反编译结果-Vineflower/com\yiyiaddon\e\j\k\a\e.java","13912","8694626DF2AF0E2EA7BD25632E9966D093091B2CFF8CBD861058A92CC4D2906A"
"01-完整反编译结果-Vineflower/com\yiyiaddon\e\j\k\a\f.java","16109","0D54F7B2747EF5141D34F541A893F9CD42AE5779F8057879EE042E08255A5FAD"
"01-完整反编译结果-Vineflower/com\yiyiaddon\e\j\k\a\g.java","11415","D1C12ACF682167E5F9C7EA428F5F6975617A5AFD4FE044A93C37E192FE660389"
"01-完整反编译结果-Vineflower/com\yiyiaddon\e\j\l\a.java","93034","868C59E999DA360B12A8250494CDA6EA766ADA27E0A76CEA668C8BDD478D049E"
"01-完整反编译结果-Vineflower/com\yiyiaddon\e\k\a.java","166822","460C1B594DE8B9510BE1649C1908A68415D39FA922C96E5BE25367F3A25B88BB"
"01-完整反编译结果-Vineflower/com\yiyiaddon\e\k\a\a.java","24059","B06CAFA5FEAE98E21694F05E9D1F2D39FA2EFC7D4D728F2188DC8FE00B81990F"
"01-完整反编译结果-Vineflower/com\yiyiaddon\e\k\a\b.java","4520","75F0C4952F2E19C32952644AE0476E28FCFD6E5A11688A9518AD484F93753715"
"01-完整反编译结果-Vineflower/com\yiyiaddon\e\k\b\a.java","628","42967F5891E6F54D56054AFA48EC10CF88FBE7105E6DE012F08B02D934A62A74"
"01-完整反编译结果-Vineflower/com\yiyiaddon\e\k\b\b.java","3772","118591C9490AF32DB93B77B4097D192D1D5BA4E91647D2FB7A98CEC8AF32A712"
"01-完整反编译结果-Vineflower/com\yiyiaddon\e\k\b\c.java","828","821911ECFBDD9C7470D72E33E598C44A184E3FB2A652D7E1568DB9FDBDF52BFD"
"01-完整反编译结果-Vineflower/com\yiyiaddon\e\k\b\d.java","1592","D770A3F70BC52F29187D914342312E26B2C383F5E10E9814E32A2B8BC5FD0A8D"
"01-完整反编译结果-Vineflower/com\yiyiaddon\e\k\b\e.java","601","0BB1A8788C49B411185D252DCCFDB82ABD6814944FDC7136CC54CF911492D0FB"
"01-完整反编译结果-Vineflower/com\yiyiaddon\e\k\c\a.java","19187","290D63AB65A317B0F93CC9F94DC31D5269FC8805D3CA2D89B8C90B5B2E51158D"
"01-完整反编译结果-Vineflower/com\yiyiaddon\e\k\d\a.java","42192","77D3C8E059556712BCC986D34AE2375BCA7AD8CD4FB5E134C8CEAC4CEAB3C742"
"01-完整反编译结果-Vineflower/com\yiyiaddon\e\k\d\b.java","10848","1DF5D1D039B7C3B3A3972F68D4A32E41A0CB162B81CBCCB5610114F081A8F728"
"01-完整反编译结果-Vineflower/com\yiyiaddon\e\k\d\c.java","8893","6266BD1E63E5832A2C0F2BFE13D35247F605E9466C1417E6E6C24B3113B45DBA"
"01-完整反编译结果-Vineflower/com\yiyiaddon\e\k\d\a\a.java","19034","C6158EBEFC529E10FF99795ACBBFA553171A9FC1EF1DE35FDD0003F710B752F8"
"01-完整反编译结果-Vineflower/com\yiyiaddon\e\k\d\a\b.java","27027","13C5B52B6CCE1D4B6E18D45AF07B5EE51497B82F2CADCC4981AFA9038B280A66"
"01-完整反编译结果-Vineflower/com\yiyiaddon\e\l\a.java","34564","BF4BB6C7B7F366EAE2F7CA8089EF83AE1396BD7C9D646A83950481D10641D842"
"01-完整反编译结果-Vineflower/com\yiyiaddon\e\l\a\a.java","6704","5CE7167F7E76DE678A999986EEE1A3B62BC3AD2B567672A1C877BC1ED526015E"
"01-完整反编译结果-Vineflower/com\yiyiaddon\e\l\a\b.java","12239","42D9FF623043DF0BCC6BBA6318CF65A29361996F2FAB8FCD681BFFC31210BE51"
"01-完整反编译结果-Vineflower/com\yiyiaddon\e\l\b\a.java","1066","02FD6CC82991AC96686A2B3C48CB72FE6DD76632C65B512E72E19C282DB7BFBF"
"01-完整反编译结果-Vineflower/com\yiyiaddon\e\l\c\a.java","38985","67864062033BECEE0302EC039712C70969EF690789D6E691EED90F532D4AD9E8"
"01-完整反编译结果-Vineflower/com\yiyiaddon\e\l\c\b.java","4182","E4B74022662EED2DEE49D8E501BE6A453E64FF69123557CD4C837D6DDED180DF"
"01-完整反编译结果-Vineflower/com\yiyiaddon\e\l\c\a\a.java","22252","ABD4AB1D479F562246EB84FBD89B39ED3247FD49CD428D3E34CBEB714EB4C6E8"
"01-完整反编译结果-Vineflower/com\yiyiaddon\e\l\c\a\b.java","9318","8DC461C5C1F250AFB63A93A576E073491E11402E319D8D5B67207EFC76960C0E"
"01-完整反编译结果-Vineflower/com\yiyiaddon\e\m\a.java","4243","AB4FC3DEEFB0464A188328887D0F12B90FC10820BB4C661956DC415DE2D76A14"
"01-完整反编译结果-Vineflower/com\yiyiaddon\e\m\a\a.java","5115","7F80EF3A7685245D3E0D8C20920A8A7EB1BC9DEE3D66F1827FE153D28F5B0890"
"01-完整反编译结果-Vineflower/com\yiyiaddon\e\n\a.java","6954","D3BFC26C1A50A31F260176163F2009E7FB0EED75DBB9FC42CBA21FA42242A826"
"01-完整反编译结果-Vineflower/com\yiyiaddon\e\n\b.java","187120","FC75AFD4B1C640F2891C863F68EA5BBBA4E6FE53F00CE19C0F3F7B26FAF5D1DC"
"01-完整反编译结果-Vineflower/com\yiyiaddon\e\n\a\a.java","15578","C7F350D4FD364C4E22AA04491F2B7AB6738FCE4537C1AA0EB3D6EB7E06611B7E"
"01-完整反编译结果-Vineflower/com\yiyiaddon\e\n\a\b.java","779","ACE6026CEE9343C99DBE2267217C7E75919DB34B919868186686DC9141D6FCA7"
"01-完整反编译结果-Vineflower/com\yiyiaddon\e\n\b\a.java","186420","938E32A053D927D2B3A17DC2A903DCA2B49920F6C7992D81AB7E9E0318A210E4"
"01-完整反编译结果-Vineflower/com\yiyiaddon\e\n\b\b.java","180513","9E347DC8D76C735DDBC9D849AFFA1C5ED1F19AF806E00CE7BC9A3C209A990423"
"01-完整反编译结果-Vineflower/com\yiyiaddon\e\n\c\a.java","42129","B057EABF6FAD82E656923033DB3A655994A35C3B4B53FAF0F25C5E9ED95BA7F9"
"01-完整反编译结果-Vineflower/com\yiyiaddon\e\n\d\a.java","19573","6C3BFC4DF91C7A1F61E988FAA7A37427F2CA3F14168E5315A6E42350DB8B3FBD"
"01-完整反编译结果-Vineflower/com\yiyiaddon\e\n\e\a.java","2241","EC740DDB55886920EEBCF54B7D97F8C2F0263E14ABA0D9F1835EAA34BF9D53F6"
"01-完整反编译结果-Vineflower/com\yiyiaddon\e\n\e\b.java","9394","6CB56D6311BA60EF18AA9A38A399C9AE8D1E30CDD251F27E525C786EBA1C7544"
"01-完整反编译结果-Vineflower/com\yiyiaddon\e\n\f\a.java","32123","EA38B3F9FD0B0EB8EB96D12BDB023BFF7E8B35E51BE939D286014A90523D100C"
"01-完整反编译结果-Vineflower/com\yiyiaddon\e\n\g\a.java","594","C1DCA9815F4B8CC8BEB7C6777060833A1ECC1F4D521B8163AF71FAE2E90C1966"
"01-完整反编译结果-Vineflower/com\yiyiaddon\e\n\g\b.java","16594","1691B61B92C60924504D7B858E5C824F3D8496BA558C092ADD4ED7B6526368B5"
"01-完整反编译结果-Vineflower/com\yiyiaddon\e\n\h\a.java","11341","A9E906E97E0FBC180DC8494234421932A7BAB780E35DC080D35E7E390E103B47"
"01-完整反编译结果-Vineflower/com\yiyiaddon\e\n\h\b.java","111084","3F7AFB1F97C249FB90805FBED59E7D0A9C368368CCC5A0B43DF5F055A25D26F6"
"01-完整反编译结果-Vineflower/com\yiyiaddon\e\n\h\c.java","94018","E14E3D5F2EEDD427C20A3F86B20A0BD50822EB3509EEDF06647B53D2D8326905"
"01-完整反编译结果-Vineflower/com\yiyiaddon\e\n\h\d.java","12760","B432F3FA187B2DE16A4A20EFC657B571C23E6E2372138C00E3ABB01A9EDEE8E2"
"01-完整反编译结果-Vineflower/com\yiyiaddon\e\n\i\a.java","6278","8D066B9DDA9B7922F249E80622E4B5F8C3DDAA4158E9768894B20D0C3F8CA275"
"01-完整反编译结果-Vineflower/com\yiyiaddon\e\n\i\b.java","7748","D2C1234856AD732C97EC8C4609CC7103E7BCE7C3A24CA160C056B9A63DCA690B"
"01-完整反编译结果-Vineflower/com\yiyiaddon\e\n\i\c.java","1062","F5C59864BABF1C6A15786AD645B37392941C38D63327C54E4039960D37CCB278"
"01-完整反编译结果-Vineflower/com\yiyiaddon\e\n\i\d.java","667","B872DE95D67C8D4AD72C3EE2B7EB6486733328E3D28BA7ADF00815E885392E7C"
"01-完整反编译结果-Vineflower/com\yiyiaddon\e\n\i\e.java","528","5ED58DB1075D443E9BACD6D9DCE2E55668F7AB359D40099F5C2065A80812CFE5"
"01-完整反编译结果-Vineflower/com\yiyiaddon\e\n\i\f.java","3462","917DABD5955E5B533E7EAD4CB57B45E94394D55C0B4F44DDAD56F57073712C06"
"01-完整反编译结果-Vineflower/com\yiyiaddon\e\n\i\g.java","84","F9840CD5A8EDE77CDC257B543586E544B7846D3B0A4C71C9BF441DF6C0A24D24"
"01-完整反编译结果-Vineflower/com\yiyiaddon\e\n\i\h.java","112129","5795B86A2FD4005536DF6F4CDB33C5A4EE44108E200A43FE10C44D96179B2D81"
"01-完整反编译结果-Vineflower/com\yiyiaddon\e\n\i\i.java","29766","A88428608E9F5307B2B5529DD5F78DAE61DC8DCF654DA0C59F292CF7A8786E9D"
"01-完整反编译结果-Vineflower/com\yiyiaddon\e\n\i\j.java","7710","4A17FA00B2B8AC456010BBBD705C9D20C106AEE0BE2C61C4B2C60B9FE2DA12DF"
"01-完整反编译结果-Vineflower/com\yiyiaddon\e\n\i\k.java","64","78C86D8D33966B0888BB87CD0D45494A5B789917CDEDE15656AC3DACDB5837EF"
"01-完整反编译结果-Vineflower/com\yiyiaddon\e\n\i\l.java","8648","1B90314B81B355EDD994BDF821840AA098F45DFAEF8C6E7F89087E0181004B43"
"01-完整反编译结果-Vineflower/com\yiyiaddon\e\n\i\m.java","24548","16A219E91F3408CD158BF042A2DA9C94069BD7F55B995A30990B816D2A0DED12"
"01-完整反编译结果-Vineflower/com\yiyiaddon\e\n\i\n.java","10984","CA12BB147D746336B0AA6FCB16FEE89D403334738E9DAF47F83E491C2AA4DCAF"
"01-完整反编译结果-Vineflower/com\yiyiaddon\e\n\i\o.java","6405","591B13A3082CC9B401AE54BFD2EB08ECF47ECEDEF0F25B2B90E4AE3DF745AA59"
"01-完整反编译结果-Vineflower/com\yiyiaddon\e\n\i\p.java","139833","F9ACE4C8BF5B018173F8F79A02B5DFA09324DC5FA25A41B37BAA163B83A84B76"
"01-完整反编译结果-Vineflower/com\yiyiaddon\e\n\i\q.java","20673","6D9E0223335910ED48A5CAD794BE2E35C7B3C0249F1D19910259245B69BB98AC"
"01-完整反编译结果-Vineflower/com\yiyiaddon\e\n\i\r.java","7753","0C19EA75ABFDE24C9EC017E1116284A3C08DE5BABD319064FAA8BFBD6F80AADA"
"01-完整反编译结果-Vineflower/com\yiyiaddon\e\n\i\s.java","9027","2E90DDF61E56510AEC987A346E6100FFECD6676F0B5780DA2DCA588ACD4C039F"
"01-完整反编译结果-Vineflower/com\yiyiaddon\e\n\i\t.java","666","B8F977DA56BF304B08E6E05504093C4B26425EF288327A11A8CDAB5BEC1D5E8E"
"01-完整反编译结果-Vineflower/com\yiyiaddon\e\n\j\a.java","7467","46848856E73EA67C72442219B734A52FEF108D1227AA7A1A8A38BC5442D346BF"
"01-完整反编译结果-Vineflower/com\yiyiaddon\e\n\j\b.java","35558","5672682B10A36C19F8860120636F613FFEA6208E2FDD1D9335164E37ED1C36C4"
"01-完整反编译结果-Vineflower/com\yiyiaddon\e\n\j\c.java","44110","DEF854636575396A53B40E1CA30120F653DDF662AEB66D964FCD129D4973E684"
"01-完整反编译结果-Vineflower/com\yiyiaddon\e\n\j\d.java","1384","751D1C3ACBB03AE1297319D03F20FCC8C5CE5BEED8DBED2652A6E8D6E0BD5916"
"01-完整反编译结果-Vineflower/com\yiyiaddon\e\n\j\e.java","7467","ED4D5D1B8CC99D6733587ABC89DF7D59C30E881B61DFA726027B511368EC5BE9"
"01-完整反编译结果-Vineflower/com\yiyiaddon\e\n\j\f.java","771","F0C3108AE0182EA7CB2830B288E038BA99ABB3AC7DC3457D8A7423F1272714D6"
"01-完整反编译结果-Vineflower/com\yiyiaddon\e\n\j\g.java","13732","E26F8D80AABC61FDF242E87D288521DBD66A6DAC57B32201CAF3B9CFE6853446"
"01-完整反编译结果-Vineflower/com\yiyiaddon\e\n\k\a.java","30319","1D873073A385CAFC5D931C8FF97CBB6256F6D02C0C4EB5C31E9BCD803587B753"
"01-完整反编译结果-Vineflower/com\yiyiaddon\e\n\k\b.java","36180","4BECE29DD056A3DE73D377D32359044C5E55714370F68370B03881F224DA1F65"
"01-完整反编译结果-Vineflower/com\yiyiaddon\e\n\l\a.java","4769","CF758AC7AEEDE39C22CA60CFCA7D1B69A44686A9D5FB2F70A0E0B49095038B7A"
"01-完整反编译结果-Vineflower/com\yiyiaddon\e\n\l\b.java","56261","6BA4E5BA7AC38D31E30F614CFB16E07248AAC8DB10F2AAA29699F6A0CA975B0B"
"01-完整反编译结果-Vineflower/com\yiyiaddon\e\n\m\a.java","34582","D05EDC12133DF4B28C7DEC86FC1012F978A6BE5893DCD759996F37C39AFB155E"
"01-完整反编译结果-Vineflower/com\yiyiaddon\e\n\n\a.java","30148","1A6883C79A358B670A6081E1CA3CC5FA39C7419DDE37194A2879EA4EB97E7F28"
"01-完整反编译结果-Vineflower/com\yiyiaddon\e\n\n\b.java","60147","0398CA069A5A22272212855F3DAFDAC06412BFFD4FF4D001353CF198DB342DD8"
"01-完整反编译结果-Vineflower/com\yiyiaddon\e\n\n\c.java","3633","1423644C185873CCB78665075171C5B9B04F9B50912692FA36654CE093D5C3B3"
"01-完整反编译结果-Vineflower/com\yiyiaddon\e\n\n\d.java","97707","F98DE85C9F094B292F9BBBA66BAD79F0FE271FF5F9D96DC9B18C158DAF488C2C"
"01-完整反编译结果-Vineflower/com\yiyiaddon\e\n\n\e.java","16135","7C3710DD38E566312CE65CC441FA2C538A8DAC871023687BFA1C610088773135"
"01-完整反编译结果-Vineflower/com\yiyiaddon\e\n\n\f.java","115969","52BCB5C576773771AEBB1D2632FF87E3B2B252C5E069E80A22EAE07438309A84"
"01-完整反编译结果-Vineflower/com\yiyiaddon\e\n\o\a.java","24556","E67DF3C7B072BD4E8FF16792EB05F23831551405FAC9FF9497211A768D1451F6"
"01-完整反编译结果-Vineflower/com\yiyiaddon\e\n\o\b.java","24215","F732A3E7B3FEF76F04A2D09E75F3D5E9F9A35F91CF7EB34E9C0C606C41229DE1"
"01-完整反编译结果-Vineflower/com\yiyiaddon\e\n\o\c.java","12630","4FE1FF6D763EB59B12FA0D926F53B4FC75221F2497F180F8C401FCF90F2F4E97"
"01-完整反编译结果-Vineflower/com\yiyiaddon\e\n\o\d.java","21344","51305CA6E228114E56147D93EF08A656D8A0B60A2ED5DE75A80C4E87DFB66F78"
"01-完整反编译结果-Vineflower/com\yiyiaddon\e\n\p\a.java","134295","AB24304D0CF400F3F75886653DE53D56CDE8E50243E3981353018A0A7DF71863"
"01-完整反编译结果-Vineflower/com\yiyiaddon\e\n\p\b.java","1517","0E19AFC6B4103A1EE380BE4B16350BA43C1E8EBAC3CEB79E3AACCA7409AF151D"
"01-完整反编译结果-Vineflower/com\yiyiaddon\e\n\p\c.java","32503","48D0AFECEA6357C862727DA42151B388DA0D19BBA45CCFAE59835A8E3C5EC009"
"01-完整反编译结果-Vineflower/com\yiyiaddon\e\n\p\d.java","17866","A5C119C9E05DD9697761EAD62B06F68F1C86DFEC051AECB4B7AD7FF1C20F9781"
"01-完整反编译结果-Vineflower/com\yiyiaddon\e\n\p\e.java","75983","794887F58BEF402C22620659177059AE06407E177CC3B394B760297E3C497B09"
"01-完整反编译结果-Vineflower/com\yiyiaddon\e\n\p\f.java","37985","C7B13B7B45D6F4C65B8A597501488A16B42F81D1A1DE35626F0B63761047B948"
"01-完整反编译结果-Vineflower/com\yiyiaddon\e\n\p\g.java","26372","A8A99051DEA3ECA8944B2DB397D220F59041F18E5BFBD89A2518B09A4C538750"
"01-完整反编译结果-Vineflower/com\yiyiaddon\e\n\q\a.java","49316","BB98DCE0B2403CFD4F2D6B3BFD1BA983B5DA09FC237E8698932EA60BFDDF993B"
"01-完整反编译结果-Vineflower/com\yiyiaddon\e\n\q\b.java","210190","C47C4FCB41DDFB68AEF515841496D352211A2E91EB0BDBCD0DB0B83A3EDAD9F0"
"01-完整反编译结果-Vineflower/com\yiyiaddon\e\n\q\c.java","6973","9707D9FA91CA7C1A130867E1E01E1537547E7BCCBFCC88BBEE5B97D6203828BB"
"01-完整反编译结果-Vineflower/com\yiyiaddon\e\n\r\a.java","114642","4C21AA0A742F2F9D4ECE360257F3E2684C3FDDF21BB283C0CE087999EF845CBB"
"01-完整反编译结果-Vineflower/com\yiyiaddon\e\n\r\b.java","187171","1BDE39078AA351215B91E3B6E3882637326C8FB9E52CFF41365CE3D489FAF5A6"
"01-完整反编译结果-Vineflower/com\yiyiaddon\e\n\r\c.java","36523","0E17B998891A4CBA9640F04A70580B6F07C653577BEE998DE7262CB899799F33"
"01-完整反编译结果-Vineflower/com\yiyiaddon\e\n\r\d.java","215235","8A2A0CBAC0C4D488878D9BC7740F9FE15BCF2DAC9C512D4C201B641E81DE259F"
"01-完整反编译结果-Vineflower/com\yiyiaddon\e\n\r\e.java","84856","74642B08349943ED37B81ED445C45E7B40A877791759796C06DF54735FAAB32E"
"01-完整反编译结果-Vineflower/com\yiyiaddon\e\n\r\f.java","259137","1D033FE49CFDE9DCBFBF2D2E441E6CD912DC2EE0A9DE20E6C15106483AB41744"
"01-完整反编译结果-Vineflower/com\yiyiaddon\e\n\r\g.java","125236","437186AE8F83AF7C7B38F9A5427C7D3C77C5E92E2DFADF39C15CDD484C41D773"
"01-完整反编译结果-Vineflower/com\yiyiaddon\e\n\r\h.java","3663","49611AD2107BBF7D625C920DC7444EFCE9895C17FCBDC644C0442F31E2F97050"
"01-完整反编译结果-Vineflower/com\yiyiaddon\e\n\s\a.java","2029","34FED3069E3A51712ECF37C1A887B963BDCF3BD402CC0926FDD47DEC1FB021FA"
"01-完整反编译结果-Vineflower/com\yiyiaddon\e\n\s\b.java","50396","78B88EA71652F0C4D9C473933823FA871E57181E20B057917F12509E6A976400"
"01-完整反编译结果-Vineflower/com\yiyiaddon\e\n\s\c.java","7810","9197617D9C16E70B8544ADDCC978689C271C980458915C66DAA5D04234CE99C3"
"01-完整反编译结果-Vineflower/com\yiyiaddon\e\n\s\d.java","13764","A24C695B29E202227181C54FA4A0749F4AD792A2951DF9D7BD5ADBF12F864802"
"01-完整反编译结果-Vineflower/com\yiyiaddon\e\n\s\e.java","42292","F601551953C1B01492F96CF18F27AD88B9EE79DC6CA59C74372C10292C83BBA5"
"01-完整反编译结果-Vineflower/com\yiyiaddon\e\n\s\f.java","37892","D4D6A17FE58A2EC0935E8AB9A9FBA8C911D60F4909F3D396723A11BD59DF9D92"
"01-完整反编译结果-Vineflower/com\yiyiaddon\e\n\s\g.java","11922","2F14EAFB4F31F37457DC8561BE77A99D559BE03501866C0B87D34B448250019E"
"01-完整反编译结果-Vineflower/com\yiyiaddon\e\n\s\h.java","98655","724BA046ADB149ED0D0DE0792DE82F38C76C45CC97A45AC3971DFC3E7FBA0311"
"01-完整反编译结果-Vineflower/com\yiyiaddon\e\n\s\a\a.java","3649","B533C301DF2E9052813CCD6A65A2459C5C082F45AF7232FA5816D9808EA4FBE8"
"01-完整反编译结果-Vineflower/com\yiyiaddon\e\n\s\a\b.java","36233","3EA8A19894E76803F59E442449A53379B961659606205069ADC1F7A88771A3F5"
"01-完整反编译结果-Vineflower/com\yiyiaddon\e\n\s\a\c.java","9774","F8BE882A87B633E59B75E87A1F4B47E9D1DAEDFC3F7AC20DC368F5221AD229B1"
"01-完整反编译结果-Vineflower/com\yiyiaddon\e\n\s\a\d.java","14411","AEA6A13079B60C8AB0F72103B151404B243FC857D85B378A7F10508BD0F1557B"
"01-完整反编译结果-Vineflower/com\yiyiaddon\e\n\s\a\e.java","47619","2E43075BDC28B7C0602C05CDB5E16697B6A79A30AC41C7FB735DCD020425793F"
"01-完整反编译结果-Vineflower/com\yiyiaddon\e\n\s\a\f.java","15832","D83ACE974BA931D72E4F813CBA02C74CEA83F1D600BD6234CBCD37B97E395544"
"01-完整反编译结果-Vineflower/com\yiyiaddon\e\o\a.java","87126","CF3F5882D664283672D3CEDF9F83D4CAFCAB2D4A6831F1DA46E9654AAC2376EB"
"01-完整反编译结果-Vineflower/com\yiyiaddon\e\o\b.java","54068","D27B845F89284B1875DC40216C81ADB7BDAEB19BD5403E2F5D1CFB91583839E9"
"01-完整反编译结果-Vineflower/com\yiyiaddon\e\o\c.java","72465","6F97346E9966BEA33B2535027FADBC884A8319031D507E9A7D9F5DAA659BA341"
"01-完整反编译结果-Vineflower/com\yiyiaddon\e\o\a\a.java","20620","3EFA54060338B48D171DD515457F39B8D1A131FF2F23E5488CA89D05FC95FFF9"
"01-完整反编译结果-Vineflower/com\yiyiaddon\e\o\a\b.java","12283","060F746B0A4F7FA1A91D5123D98302F2CFC6EE9ED0FBEE91ED325E4BC4E071AB"
"01-完整反编译结果-Vineflower/com\yiyiaddon\e\o\a\c.java","13522","6A3EF7C4D587F9C8C74E114F3F1D3732C61DC0ADC8A93C5952718EADA124E97E"
"01-完整反编译结果-Vineflower/com\yiyiaddon\e\o\b\a.java","2845","F86810C1FF337A6BFB12861D7A0B30C9E479B05011D03BC2C7951D0A1CE65B8E"
"01-完整反编译结果-Vineflower/com\yiyiaddon\e\o\b\b.java","142608","D7F46EFC5E5BE518BE72C04D91A05530D1F71E5BF3BCFA9D3531CA2C6D9E2F77"
"01-完整反编译结果-Vineflower/com\yiyiaddon\e\o\b\c.java","37692","250CED1DD34152DB409907422102E1E47AA7C3519FBD940791308FCA0286EB0C"
"01-完整反编译结果-Vineflower/com\yiyiaddon\e\o\c\a.java","49715","EEE21EED740A282CBA7A5750100DDF1BF6556C138D2BE8CE8F03680A70E27719"
"01-完整反编译结果-Vineflower/com\yiyiaddon\e\o\c\b.java","10970","E3779B13C3E09ED0789ED67525EA45D29A1DA1C07D77A78F5E8ED62458582711"
"01-完整反编译结果-Vineflower/com\yiyiaddon\e\o\c\c.java","45882","2A117E40A13E32611D1E78A05623E5DE4CB4EBFC0EC654408F9B55879C1FB5BC"
"01-完整反编译结果-Vineflower/com\yiyiaddon\e\o\c\d.java","11779","CF290ECEA22F6CBE1B344387A027105481F2B6E4AE9EC8B8BDBEEA89052D8551"
"01-完整反编译结果-Vineflower/com\yiyiaddon\e\o\c\e.java","49703","0AFDA288DB2AA67D44C5900D047AA70E7FA1B9003EB2EBDC95649F5C7E0A699A"
"01-完整反编译结果-Vineflower/com\yiyiaddon\e\o\c\f.java","12631","FBFA84ABF9D52F8266A3AF5CC5D98AE4400365C99EA2544F1685E8355D835209"
"01-完整反编译结果-Vineflower/com\yiyiaddon\e\o\c\a\a.java","18658","5E884A0C5C92E8A2DAEB5DCC1C962D33AE6FCF701A90DB626E2CD7B630801A33"
"01-完整反编译结果-Vineflower/com\yiyiaddon\e\o\c\a\b.java","33377","E441BFC38FE40FFD1A2EDB0ACB7745A30F4090B77D6ABA75599731A8709D8543"
"01-完整反编译结果-Vineflower/com\yiyiaddon\e\o\c\a\c.java","13680","EE570E7946156FDB1801E0B6F511550A9F2014C923D263FD526A94F387CD9B0A"
"01-完整反编译结果-Vineflower/com\yiyiaddon\e\o\c\a\d.java","16681","3308A1CE42D13798BF94E61A32FCBBA15687DC4918A46D4FC6986DCE491D35CF"
"01-完整反编译结果-Vineflower/com\yiyiaddon\e\o\c\a\e.java","15554","8E5ABEE2A7ABE68C9F689BB3CC7C48B6C2FA0BB95B6E4286ECB902DE59AC5963"
"01-完整反编译结果-Vineflower/com\yiyiaddon\e\o\c\a\f.java","16471","E2C7588A0F6DF0FE92415804DC81B6C11D634A5A7935E73877F55E7DDA01B9D7"
"01-完整反编译结果-Vineflower/com\yiyiaddon\e\p\a.java","13966","2171F6C5404C7E53596858B53CCF34BF3E59A6C668BA729067370A1394971305"
"01-完整反编译结果-Vineflower/com\yiyiaddon\e\p\a\a.java","4918","E472DB317FA6CF6D5D111A44182F5830E11C9F438C9024E0AE75ADB6EAFCAC43"
"01-完整反编译结果-Vineflower/com\yiyiaddon\e\p\b\a.java","18686","4C21CCD605DD68867D5A043E9C47C849D23204C423B9260115C777D47F784074"
"01-完整反编译结果-Vineflower/com\yiyiaddon\e\p\c\a.java","48382","39F0C5F3E1C71599A54222E4998140CB6D233A3859689F7E09D73300C4A68318"
"01-完整反编译结果-Vineflower/com\yiyiaddon\e\p\d\a.java","9258","C629C4E7A8E4736FD179005FFAA5B44E830E9BF471C6421CB89931CC3CD95F8D"
"01-完整反编译结果-Vineflower/com\yiyiaddon\e\p\d\b.java","23376","3BE2BB2FE8AB7D11A6D8FC7E02F1283303C3642FE6949C06FEDFDDDBC3554A86"
"01-完整反编译结果-Vineflower/com\yiyiaddon\e\p\e\a.java","1655","2DD374187F0403114B233E059209C9B3689B34174531246A60DF38F19E07D064"
"01-完整反编译结果-Vineflower/com\yiyiaddon\e\p\e\b.java","803","43638AF67A1D777060DDBFE84B1D614ED8FB2E34418B43764BA5782CE8A96A92"
"01-完整反编译结果-Vineflower/com\yiyiaddon\e\p\e\c.java","406","3BDA089CD2EFAD75012EACF3794B04B005F75E04F1829CBE1B27DC0AC2F89561"
"01-完整反编译结果-Vineflower/com\yiyiaddon\e\p\e\d.java","1566","1812E0677805AE1AA51A23665B0E091B3A6B6140E7D91D2D0474295E8A12863C"
"01-完整反编译结果-Vineflower/com\yiyiaddon\e\p\e\e.java","28862","B52CBB5A3F16F019C971217E14E797731993A4F54EA8F6A72851CDDFB143ABD2"
"01-完整反编译结果-Vineflower/com\yiyiaddon\e\p\e\f.java","700","3D00990FECE97B698CB4158E5A9DA8426005BB859F75C65CCBF7ACE7F37AEAA5"
"01-完整反编译结果-Vineflower/com\yiyiaddon\e\p\f\a.java","5690","FF776196EAE6B394CDA51F332B7F2F8702FB88CF1452857DB794164D91970030"
"01-完整反编译结果-Vineflower/com\yiyiaddon\e\p\g\a.java","9284","7D66B273BA999113FE1953CA0C59B5F26653562552AB94D28A5D67742ACD2FEB"
"01-完整反编译结果-Vineflower/com\yiyiaddon\e\p\h\a.java","16396","D7CD388CBFAAD1680EA49C7BD7FBD3C25D2692C81658E629C359B0ED9D4D740D"
"01-完整反编译结果-Vineflower/com\yiyiaddon\e\p\h\b.java","37514","207313CCA425A5EEC55A7EEF049E2BB4C5DB643C83EB0742F634DDAC0A6823F4"
"01-完整反编译结果-Vineflower/com\yiyiaddon\e\p\i\a.java","43237","489058D11765B8CDC3B0030906322E9C02968C4788F224D358819BAE6069D5E3"
"01-完整反编译结果-Vineflower/com\yiyiaddon\e\p\i\b.java","7926","2B8969B5955E5715F4D5E8C76043E8686BEAB6CF3D1175D86F50C719B8FEB61D"
"01-完整反编译结果-Vineflower/com\yiyiaddon\e\p\i\a\a.java","5863","B57642A72CFCEC851E11DFE69A0D3C352EB380A7616B80D66C59FD425EC8D156"
"01-完整反编译结果-Vineflower/com\yiyiaddon\e\p\i\a\b.java","9700","3FEC4B549F5C4C0F693ECD01E1441A2DAD5367B08C0AA3E6E213F668898C118B"
"01-完整反编译结果-Vineflower/com\yiyiaddon\e\p\i\a\c.java","18838","093C4EF69092CD577F58A669DBBCBC44B7FC853B6CA86106B59F1E44ADFF364B"
"01-完整反编译结果-Vineflower/com\yiyiaddon\e\p\j\a.java","3127","ECE38D777609EAEDABF30D060810FD51DEAB2AA812B1C4150BB29C44BB8C20F1"
"01-完整反编译结果-Vineflower/com\yiyiaddon\e\q\a.java","84909","B9FEE33F96D8B6EB5A35571F5D828EDB8B2152B3EFF40337FA5C7FB86AD947EB"
"01-完整反编译结果-Vineflower/com\yiyiaddon\e\q\a\a.java","40343","F4A84DB1AE43551E50EF4F0506BCDFF18C922508A1357AE97C201791D8206B0D"
"01-完整反编译结果-Vineflower/com\yiyiaddon\e\q\b\a.java","33115","804E93A500026B6A0D1987A1F546D524EB66BCE041BFA168D266EF9EDDA800E8"
"01-完整反编译结果-Vineflower/com\yiyiaddon\e\q\c\a.java","27805","1E4B55E8C80EE20E08187040B334A91DC4150FE43B87F92E7F5800123470D156"
"01-完整反编译结果-Vineflower/com\yiyiaddon\e\q\d\a.java","64","FCB900E84D44C1D5A02908EAC474DB4AD9B3C8605B7E12856A3CFBD8EA3B3B80"
"01-完整反编译结果-Vineflower/com\yiyiaddon\e\q\d\b.java","141","E82B673D14D7065A1BB61B5E89F40E7986DE06148C02CBB34B4592261F62E28E"
"01-完整反编译结果-Vineflower/com\yiyiaddon\e\q\d\c.java","2326","90444866BB0C50EB997647315501A6FCACFF99C9103992A1F6685F951FC39F31"
"01-完整反编译结果-Vineflower/com\yiyiaddon\e\q\d\d.java","39039","451FFD37C634C4F504E960C2D5B4531D8931AAA5BE46413CC116DC3EBF4B72F5"
"01-完整反编译结果-Vineflower/com\yiyiaddon\e\q\d\e.java","103765","781ED5D93F9BEE6B9790B0B2757FE08F33C5F015122B833C7CAE37D7835A33C5"
"01-完整反编译结果-Vineflower/com\yiyiaddon\e\q\d\f.java","10722","89320215A428669667086E6B6BD98DDF1059D26E06394B1EA97AEA149E573BDB"
"01-完整反编译结果-Vineflower/com\yiyiaddon\e\q\d\g.java","3935","4E0633C9F2633F5F55A5E667E31B54CC28C8A22CAD21B1A60AC2A5F4A878FC88"
"01-完整反编译结果-Vineflower/com\yiyiaddon\e\q\d\h.java","63","CAEC4FE5CDC34071D91B82C8985F3C1A5756E66D016475383B144AEAE61FCF6A"
"01-完整反编译结果-Vineflower/com\yiyiaddon\e\q\e\a.java","15118","7CF52DE27D03843721491E170EF4B0B0BEC0150E9450053BCBFECA3B23392992"
"01-完整反编译结果-Vineflower/com\yiyiaddon\e\q\e\b.java","16175","742AFFB5EBA2CECD1DFB5105FBFE5EF41D10175819EA6FF939629E0A687B28B4"
"01-完整反编译结果-Vineflower/com\yiyiaddon\e\q\f\a.java","2903","3775D8C43B53C67E7B9DA965A767EBBA7DA1C70C1B567A7D8CC17109495046C4"
"01-完整反编译结果-Vineflower/com\yiyiaddon\e\q\f\b.java","7479","EB69D9021C80DEC1261D5B078D0053B8F3CA79EFFAAC3B7BA208E448CE734ABB"
"01-完整反编译结果-Vineflower/com\yiyiaddon\e\q\f\c.java","3358","67DEEA53A2968A26CCB8EEF9EF4243E60054F269FA882BDEA9B49A5789AD5E1B"
"01-完整反编译结果-Vineflower/com\yiyiaddon\e\q\f\d.java","813","725E71CBF888B00E610D7EAC5654E8F43C6B7B58B5D7D1CA807F701D1870076A"
"01-完整反编译结果-Vineflower/com\yiyiaddon\e\q\f\e.java","5777","F5A46F08FEB0E441CE869623CD9F975B4669D8C5A020ED569498C322AF9F1B08"
"01-完整反编译结果-Vineflower/com\yiyiaddon\e\q\g\a.java","18880","276735FE80A02198450C01A335C82F7F1DEE6E275A1C76C3DDC05E014AB86137"
"01-完整反编译结果-Vineflower/com\yiyiaddon\e\q\h\a.java","6928","600F1BA10AABF689A4E92ECC4B31AA403C836F69D64C0CF80F1EBE47409B618B"
"01-完整反编译结果-Vineflower/com\yiyiaddon\e\q\i\a.java","24910","4095C579E8779CEA0E1DB92B71EDE5736D09CAB86C0004675C8EAB731E3021F1"
"01-完整反编译结果-Vineflower/com\yiyiaddon\e\q\j\a.java","13577","E5B8EFAEC387677EBB13F5B59FBC7FE74B47DD8DB1DF2B68E673B79F1765F41E"
"01-完整反编译结果-Vineflower/com\yiyiaddon\e\q\j\b.java","23190","15E2B256CB52ACD6FE482678DD3719537657829712E18DEAC64571925472FAA3"
"01-完整反编译结果-Vineflower/com\yiyiaddon\e\q\j\c.java","12578","51FD2C45251971F4807891336860FECCB45E18177BAF5CDD5DAD9167468634B0"
"01-完整反编译结果-Vineflower/com\yiyiaddon\e\q\k\a.java","9063","F71A371365BF8340EA69700A215DBAD628B4989FFEBBFC8829295A7A14BFC962"
"01-完整反编译结果-Vineflower/com\yiyiaddon\e\q\k\b.java","6680","B6DB9BA24090EAE5529A91E25CF8897F3E242ACE3E2BD18BF159011CA38A03B7"
"01-完整反编译结果-Vineflower/com\yiyiaddon\e\q\k\c.java","12926","D5C3A9A41A7E1852F8BA4154F46A80FDBB1A18AE6E02259FD00524498D08EFD2"
"01-完整反编译结果-Vineflower/com\yiyiaddon\e\q\k\d.java","53232","4D42CE3293E79B0F5581C9E8003A1A1F65E52854838B4EFAB3E2FCAA45BE6EF0"
"01-完整反编译结果-Vineflower/com\yiyiaddon\e\q\k\a\a.java","35275","D5FC1CB3C1030001C8D139DD407918CCB80291881A54ECF8ADCDC0BDC8ED640D"
"01-完整反编译结果-Vineflower/com\yiyiaddon\e\q\k\a\b.java","3515","161A009BA633AB8E876F80EF02FE8A70EABA82EC58DB08A0EA8516E84DEAD711"
"01-完整反编译结果-Vineflower/com\yiyiaddon\e\q\k\a\c.java","20085","B6A5E5D508D28D5E664CCC677C7A022472EE8AED548E86C1A427F087D9EE8272"
"01-完整反编译结果-Vineflower/com\yiyiaddon\e\q\k\a\d.java","355","1503156CB5206D038D4DB55B8B010A3AD21F7253757CAD237BAAAA31A062FEA4"
"01-完整反编译结果-Vineflower/com\yiyiaddon\e\q\k\a\e.java","23956","9E1EB58969BF9E362A36145AD57F256C84882E8D71D442DBCEA72DD7D504A5CC"
"01-完整反编译结果-Vineflower/com\yiyiaddon\e\r\a.java","8441","CD1A54F7B6D3ED05BA5A117FA7C232FBA86A090D3A76DFDA3C7D45B259169A5F"
"01-完整反编译结果-Vineflower/com\yiyiaddon\e\r\a\a.java","21866","5F9184EE0A6D153E5218F21B5EAAF62BE97EB48F4FE6CEF8B9191A5B1648F97F"
"01-完整反编译结果-Vineflower/com\yiyiaddon\e\r\a\b.java","3436","E2A50E96C8C18EAB6895C58BADDB66129EDE7966B1FB4A39CA57E7472BAAC208"
"01-完整反编译结果-Vineflower/com\yiyiaddon\e\r\b\a.java","8332","3EEEF17FD67BD917A27CCF517401AA553463CF0BFFC4BE83E06D1A8A0A32D8E8"
"01-完整反编译结果-Vineflower/com\yiyiaddon\e\r\b\b.java","11957","9E76052A97F48EA9FFC4A74430745B55648FEB9AB86254CFE5BB54C8A3C07543"
"01-完整反编译结果-Vineflower/com\yiyiaddon\e\r\c\a.java","42086","9FC06951329BD63C36494FE5EE7A2CE0A135EA407598B864E8145E6915809C6D"
"01-完整反编译结果-Vineflower/com\yiyiaddon\e\r\c\b.java","13597","231C78783CC07FBDEA9C03E9128790CFC6A28D325DBFA484C190DDEA9CED7101"
"01-完整反编译结果-Vineflower/com\yiyiaddon\e\r\d\a.java","13028","9F4D931C58590143D1223C12CCE2839A120AA53380F3888DE1D97BAB20FD735D"
"01-完整反编译结果-Vineflower/com\yiyiaddon\e\r\d\b.java","4546","DB280297658D6FD7FEAB15EF1FF3BA1A7D8E00FBDDCE076DF11BC1143F8450D8"
"01-完整反编译结果-Vineflower/com\yiyiaddon\e\r\d\c.java","14778","E94BDB05232E6145283604E679D668BD6EA66B27F306BDA461363A4E1EB3BF2C"
"01-完整反编译结果-Vineflower/com\yiyiaddon\e\r\d\a\a.java","4891","0F93045F5C5004956720BBB35EDE51B9258CBA616D2624145B38887DC2D18516"
"01-完整反编译结果-Vineflower/com\yiyiaddon\e\r\d\a\b.java","28612","045C0EF3C2B69870992F294039B55F809AEA4636CA5E3C2F8F1D198C851C72A9"
"01-完整反编译结果-Vineflower/com\yiyiaddon\e\r\d\a\c.java","4876","3EFB4A47355C4E9FF80B3F94B6E3C7CBFF9A0CD0C7E6B256291DBD8FBA3D62BE"
"01-完整反编译结果-Vineflower/com\yiyiaddon\e\r\d\a\d.java","5317","131B71A8B8A3BF1A4AF176CE71EF46C0483E70BEA10D86A497B26762D6EE7A5F"
"01-完整反编译结果-Vineflower/com\yiyiaddon\e\s\a.java","35715","96C36AE46249A6042D7221C052AC6A1BDA49CF78D758F8A6D7DC330D7CF9E0E7"
"01-完整反编译结果-Vineflower/com\yiyiaddon\e\s\a\a.java","6007","AFB7D019D7F0B43EDA8733B726948DB122755FB207C03B7E04FD93CB7E79D9A3"
"01-完整反编译结果-Vineflower/com\yiyiaddon\e\t\a.java","47600","4854E5F700B67F2D493952480FAA42799A6358E3D13B95B20895245D20FD9A67"
"01-完整反编译结果-Vineflower/com\yiyiaddon\e\t\a\a.java","11680","8CC0CD2D82BFE515494F482A42AFD15A685F397171D16BC21D2E101552F502DC"
"01-完整反编译结果-Vineflower/com\yiyiaddon\e\t\b\a.java","37987","2B4D0D1ED4B72066450CBC79FA102BD3378BC4F4243319539681937BA318870F"
"01-完整反编译结果-Vineflower/com\yiyiaddon\e\t\b\b.java","4961","AD402D44DB2748AB7481A0DD548BF5C1013068F0644075A020D0BE2BB1DFEC04"
"01-完整反编译结果-Vineflower/com\yiyiaddon\e\t\b\c.java","4508","6527696B705933BF6171D6EF2D6BF1DAF81F45B1ADF30A11D7F3341E4342C42E"
"01-完整反编译结果-Vineflower/com\yiyiaddon\f\a\a.java","25869","11AB629F0076D8A839A6BCC8880293559126A3671D231EFAE426E9B6D5E9965E"
"01-完整反编译结果-Vineflower/com\yiyiaddon\f\a\b.java","180062","5BCC5D5306CC8CDA6056622FF0F6ED48F3659D900AA1AB8A869995A71028DFA6"
"01-完整反编译结果-Vineflower/com\yiyiaddon\f\a\c.java","42304","029972CCD06D59E993A4BD0DA23F5822BDB0AADB645D0026806089215C25F104"
"01-完整反编译结果-Vineflower/com\yiyiaddon\f\a\d.java","101488","B5C10E5C93ADAB616CAB944B92929059B6F2B55A62B7CE151F2267683A273371"
"01-完整反编译结果-Vineflower/com\yiyiaddon\f\a\e.java","171868","0B96DCC8C63553315D5BF87E5D2EFC095398E417438AC87C17625E7A28396AC2"
"01-完整反编译结果-Vineflower/com\yiyiaddon\f\a\f.java","69253","4009970A4C15A5E6404D75C9298F6633B89408A8FD69C1DE60BAB234D26043BB"
"01-完整反编译结果-Vineflower/com\yiyiaddon\f\a\g.java","9176","41C489DCFF8E8AA362D397834A9B137241B5914ADA52CBB22BB03BA22B26A2FA"
"01-完整反编译结果-Vineflower/com\yiyiaddon\f\a\h.java","256","D62575E08030B78559FF82672F8DF974A6ABA7324AB907F4AFD0BBF543F44A2E"
"01-完整反编译结果-Vineflower/com\yiyiaddon\g\a.java","417","A6BF08ABED2E2DCE7BAF09EFE182778DFE2BDB068D0CD843CB8CA10A5E33D6F3"
"01-完整反编译结果-Vineflower/com\yiyiaddon\g\b.java","574","C78DF05982A41D62A242AA0ECB99D20681199BB3A1F2A40A4B3D68EC09FD1A1A"
"01-完整反编译结果-Vineflower/com\yiyiaddon\g\c.java","2686","047516D1D5AA39C2F003E0C70F1855F9A7EB07E4AD69A6C6204FB86FAE6F3C49"
"01-完整反编译结果-Vineflower/com\yiyiaddon\g\d.java","4175","BE52832770CD3F1A8BCA9F4B11DFF44633AC306A3F63961495C64E9D34BC35FF"
"01-完整反编译结果-Vineflower/com\yiyiaddon\g\e.java","296","310A239132A18603F993D8285F720E2CB0848C0F237D2D6A5C1CE53F04040FBE"
"01-完整反编译结果-Vineflower/com\yiyiaddon\g\f.java","749","BA945E8B11E256FCC071BA57BBE1FB6F11D467A84A844A38210210162EB25768"
"01-完整反编译结果-Vineflower/com\yiyiaddon\g\a\a.java","2329","99FCBD6AACB5CA69D243FDAFB0E8050FCC822142C70FC0228D1D2A5416C3C29F"
"01-完整反编译结果-Vineflower/com\yiyiaddon\g\a\b.java","6478","579BEE5E7168354C724B41E5D37A866DB3BD7C270110440BB57E0EE9910B02CA"
"01-完整反编译结果-Vineflower/com\yiyiaddon\g\a\c.java","3253","35E8E858432F1FD0480AB1EE036C0FD7BF09F4805D39740E48DFCFBB4D1C3596"
"01-完整反编译结果-Vineflower/com\yiyiaddon\g\a\d.java","14584","6F4F4229F3DDF1F9158A5E5676CA6E86C30818BA3E41154856103DAC78264781"
"01-完整反编译结果-Vineflower/com\yiyiaddon\g\a\e.java","1020","542E44C5F15059DFB6BFEE7D4FE0DDAA1BE7D6B2F47F860FAB49C48AAD891589"
"01-完整反编译结果-Vineflower/com\yiyiaddon\g\a\f.java","874","12AEBC9AD95D13292CD5E41DF78FA144CD2A45B9814A52984D662AC31C9B8A6B"
"01-完整反编译结果-Vineflower/com\yiyiaddon\g\a\g.java","882","509770BCBB2BBE9B08F18522F7FA2DC473C52DBDA07EFF36B6412E56C0D4CFE3"
"01-完整反编译结果-Vineflower/com\yiyiaddon\g\b\a.java","3301","4B3FC1438FDDF74DEBA037FBADDA44013DEE4E39524A582FE89DBA0DA8D6116C"
"01-完整反编译结果-Vineflower/com\yiyiaddon\g\c\a.java","39811","38D69B1F7E1AF0A44D89621397ACCC75606B9445A67CE9294724AC948AA7BB2E"
"01-完整反编译结果-Vineflower/com\yiyiaddon\g\c\b.java","19777","8054BE9B8A152FBF20969C0CA7E757512C5771684858E5E89A4D444898BEA102"
"01-完整反编译结果-Vineflower/com\yiyiaddon\g\c\c.java","886","402F95082C401A959BD1BA62C445FFDE0677E1CF2E0CEAAF8A8B2C1F8383E7B0"
"01-完整反编译结果-Vineflower/com\yiyiaddon\g\c\d.java","58111","1AF026E74BC82CA573860E349059C0E73C10564BCA5A69C65DE5CBD78A092688"
"01-完整反编译结果-Vineflower/com\yiyiaddon\g\d\a.java","1416","E61392474316843EB061899B9B73B6519566A5D37AF0C87EFF91605F18A44BC0"
"01-完整反编译结果-Vineflower/com\yiyiaddon\g\d\b.java","16117","217F1F746DD6804C2F4FDE36B76ED25CC90DAA003160D7272CE8BCF37230DB6A"
"01-完整反编译结果-Vineflower/com\yiyiaddon\g\d\c.java","6551","53BBF4FAD2371B99CD3820E978E482E7F1B312752BF0B99A7D609858F206A4A4"
"01-完整反编译结果-Vineflower/com\yiyiaddon\g\d\d.java","788","95C28CD92310FDDCF89E1CE76BD89685A311D27CB378E15CBA6939FBFFCDD53D"
"01-完整反编译结果-Vineflower/com\yiyiaddon\g\d\e.java","2008","0D9EA52B74D3C3F27D3668FF26B2293EB10CEA89AED8FA961CACC099A0D67227"
"01-完整反编译结果-Vineflower/com\yiyiaddon\g\d\f.java","2583","CB7D6B2594CB6474CE285301EB94179DA176432D374E36D045DCDED4E5E309C1"
"01-完整反编译结果-Vineflower/com\yiyiaddon\g\d\g.java","791","226189A30005F99C369CFA0577FCCC3D01B3788B838A794D4B3B74F8CE6B640F"
"01-完整反编译结果-Vineflower/com\yiyiaddon\h\a.java","8516","87162B2754752E115ABD133B0294AAA541A5C54DCE879A0A2025AEC99191A639"
"01-完整反编译结果-Vineflower/com\yiyiaddon\h\b.java","2208","2039109C9AF959E614AC32076DC2FE6703B9ACAAFA77F2E8B54798615B64E06F"
"01-完整反编译结果-Vineflower/com\yiyiaddon\h\c.java","1056","124AABF61B63BBD8CA65CE378796F53485A767FED7B8F7E07ABBC38590251199"
"01-完整反编译结果-Vineflower/com\yiyiaddon\h\d.java","5079","E025FAE4CE76677F959FA7EF395CCB91A9CD0153AABF37740589DBC23C860915"
"01-完整反编译结果-Vineflower/com\yiyiaddon\h\e.java","3074","136C7DD9080B1D32441BB0095608A7BFA758C59AB9D53F67C79CE98DC044CCD7"
"01-完整反编译结果-Vineflower/com\yiyiaddon\i\a.java","19704","77515D7548DA98440F9468C1E3B4C481D02617F82C1F89CF6F5581E109BF7064"
"01-完整反编译结果-Vineflower/com\yiyiaddon\i\b.java","8092","52D10A588722963D811535E7893ADA8F6C0164C3F7890BE94F5599F8E00CEE7F"
"01-完整反编译结果-Vineflower/com\yiyiaddon\i\c.java","14745","7ACC245258753C411E4AE0189FA29B3E61E546382E81A4D2BF52FC19A04F2A16"
"01-完整反编译结果-Vineflower/com\yiyiaddon\i\d.java","51129","79FD79ED10112177D93AC18BABD38CCEB02A31E75F232CF98F57CC4487216B4A"
"01-完整反编译结果-Vineflower/com\yiyiaddon\i\e.java","5794","CD44549AFA5FAF7298A11D75E1F88E6B40A42DFFF2E779846E65E370185C873B"
"01-完整反编译结果-Vineflower/com\yiyiaddon\i\a\a.java","19239","9165F520218E3C1A48C372574BF4148F14E7C34E1AA6577E5AEA5F3907C425B9"
"01-完整反编译结果-Vineflower/com\yiyiaddon\i\a\b.java","15604","392FFB37FE783BCB917599709F6D9FE0ABBACB49F44C1EDFA2784793C9456E1B"
"01-完整反编译结果-Vineflower/com\yiyiaddon\i\a\c.java","6000","3BA5A4FB452797BF7758975BA4F41C02A7383F337E13E64FEBC13AFF21AEEC23"
"01-完整反编译结果-Vineflower/com\yiyiaddon\i\b\a.java","10207","778D68909378957CAB64663C7EC2156512DD62890E376C753A54C2CBE945AEE9"
"01-完整反编译结果-Vineflower/com\yiyiaddon\i\b\b.java","8486","85D3DB2621E8146F8FB2CE19B233BD8ECA1B518F78C90671AB6F20A4D6729F73"
"01-完整反编译结果-Vineflower/com\yiyiaddon\i\b\c.java","56307","8F0B683DF1361C0522ACAAD84D592E64B398F224A09C6F6377DC5C846C36D63B"
"01-完整反编译结果-Vineflower/com\yiyiaddon\i\b\d.java","5626","78139111D1ED99545FA905AC8D35BB16F3F6D775370C0BB4F1D6B70211B36B9D"
"01-完整反编译结果-Vineflower/com\yiyiaddon\i\c\a.java","4304","A1AF41E7982387CCE32B780A8A16D981A09ACDEF5922E3DD55FD92ACD24B5262"
"01-完整反编译结果-Vineflower/com\yiyiaddon\i\d\a.java","6615","6A333EBDE4752E75FBFACA3C967775E80CE204189F50D2B4D72B1CC10B657EF2"
"01-完整反编译结果-Vineflower/com\yiyiaddon\i\d\b.java","4308","B36AA709C8B678865C127429C0B7237D37EEDCA284A7F8E16A3E4A7DEEF0A96C"
"01-完整反编译结果-Vineflower/com\yiyiaddon\i\e\a.java","43771","72BC6E4AE7AF661696440098B576D9ECF90C3FDB4FA4D71945FF6BFE7491046C"
"01-完整反编译结果-Vineflower/com\yiyiaddon\i\e\b.java","3888","447F6480E289A1D70E7129A5C1045E7F227ED5F6EC40FF632EAE641CD41DAAC2"
"01-完整反编译结果-Vineflower/com\yiyiaddon\i\e\c.java","4874","F758D9AD278D2BA7A2C10D851B96E6C52D0E20E46C1E4BB3125D65D710E49838"
"01-完整反编译结果-Vineflower/com\yiyiaddon\i\e\d.java","7858","9803229B6DAD4B3A649FAA951389BFEC5346800163751BA8EAFC0A953C6C93B7"
"01-完整反编译结果-Vineflower/com\yiyiaddon\i\f\a.java","2122","0EBA47172F862D89C29EBFF0534026772F71DD2132D2B9F9937568D988029DBB"
"01-完整反编译结果-Vineflower/com\yiyiaddon\i\g\a.java","41126","E00208011972C496B9EFBA6D3CDCC0EF2C69BBCBA464BA860F8F4AAF1BADFA8E"
"01-完整反编译结果-Vineflower/com\yiyiaddon\i\g\b.java","33130","3AFD3935425AFB6BD6DBBA8858950C11AB2083C12F3EEDDE306A82CEAA540120"
"01-完整反编译结果-Vineflower/com\yiyiaddon\i\g\c.java","26195","451B6FAD2C7CB3AC36A7FA43BBC12D3D4BE0C3B994B1F7A3C606276284353E35"
"01-完整反编译结果-Vineflower/com\yiyiaddon\j\a.java","14296","85C42BD23A5910BA2FEA36D7864C68985389340FF032F4998A998F60DBABE263"
"01-完整反编译结果-Vineflower/com\yiyiaddon\j\a\a.java","23089","9208AF8EAFE123148D63E3DFFE88DAB5CC22F522941F9164A707EF25F491A49D"
"01-完整反编译结果-Vineflower/com\yiyiaddon\j\a\b.java","21668","F80FAD3B5EEAA8DE81C2120D954F6D825C94F85818D8794D7C3CC2B360D8D00E"
"01-完整反编译结果-Vineflower/com\yiyiaddon\j\b\a.java","27542","3D65176DAF9D179965542BBD46B7F411220107AEA1467CC7430439141197784F"
"01-完整反编译结果-Vineflower/com\yiyiaddon\j\b\b.java","21374","444BF9E6FD39A74FD4AFF5876114709FCF53A250180CE3A059D78C2D81819318"
"01-完整反编译结果-Vineflower/com\yiyiaddon\j\b\c.java","13766","5DD4397EFA9D9A442FC69189C363E0DD67A115F15927D3B8FE181C36E6BEA639"
"01-完整反编译结果-Vineflower/com\yiyiaddon\j\b\d.java","10568","A367304B2B1CDD704621B4AA44C33E58329303104E17CC0F64707CA85EADA4CB"
"01-完整反编译结果-Vineflower/com\yiyiaddon\j\b\e.java","10486","4FDD453FF92A6261CC723F1A164F212AAA0E31AEFA4955B81D5C9993F95409D8"
"01-完整反编译结果-Vineflower/com\yiyiaddon\j\c\a.java","27722","A503A311DBB7983CFA3F1AC3DD315B5764E8131DD9BCE51280F46E595A3A834F"
"01-完整反编译结果-Vineflower/com\yiyiaddon\k\a.java","1376","8E3F454C6B959D917E367A86DBBF011308802CC2608EE11809CEAC728ECEB5E1"
"01-完整反编译结果-Vineflower/com\yiyiaddon\k\b.java","24027","9673E999BC5EB7BE570494E3128A137A0E5C465AEBC6E381952119C00665C6FF"
"01-完整反编译结果-Vineflower/com\yiyiaddon\k\c.java","12310","B6E43EBBE239F6F3F089F67F02311CADFE4247FE7B2D3F41482C5A8F2B6E7FA5"
"01-完整反编译结果-Vineflower/com\yiyiaddon\k\d.java","16265","DBFFEB27329AF161501530F380150BE9EA21061E0446CFA46BDCD43EC84A8A29"
"01-完整反编译结果-Vineflower/com\yiyiaddon\k\e.java","3874","3F5ADAB17D77625444C396C61BCF5BD097CB1D749AFFB02C31B98324388CEC66"
"01-完整反编译结果-Vineflower/com\yiyiaddon\k\f.java","3298","1B0B28217FA65D854E25212FE8CE0344D7B8B5214DD52E21DDBC62737888DA57"
"01-完整反编译结果-Vineflower/com\yiyiaddon\k\g.java","7385","A954C4203523EF4492136AA34D8368BD38906F89052350E1A09B5D5888EF87EB"
"01-完整反编译结果-Vineflower/com\yiyiaddon\k\h.java","15330","1AE87381552A30A9A9877BAD552A88763B0274EEF7256379123D01F58F7305EE"
"01-完整反编译结果-Vineflower/com\yiyiaddon\k\i.java","28085","375CDECDF82E2E51B029C92F87C37EE0FB5232CE7AF706DB560ADEF33BC00D0C"
"01-完整反编译结果-Vineflower/com\yiyiaddon\k\j.java","10174","75CFB4A7BDDD71ABEB80AB64A9DFFBBF0A3DA6860D575089E57EE4F4E5C311A8"
"01-完整反编译结果-Vineflower/com\yiyiaddon\k\k.java","15351","F9BD9B24E8693DDEDBCE2A5E9549B6BED643D15642BA90E31181E29CD5BF7C4A"
"01-完整反编译结果-Vineflower/com\yiyiaddon\k\a\a.java","19772","E8AF34C2BE7A246F196A5F84AC914986CC951354F49FC0E77E458655CC75E07B"
"01-完整反编译结果-Vineflower/com\yiyiaddon\k\b\a.java","15130","9858B0F517574C46D84869D4E948F8B31391C7E4B70DD28F7FB0EE4D6CDF268F"
"01-完整反编译结果-Vineflower/com\yiyiaddon\k\c\a.java","2644","47493B7282902FB1297B6FE48C4FC244F6292131B73678E8FC6CD11DE010DBD2"
"01-完整反编译结果-Vineflower/com\yiyiaddon\k\d\a.java","10749","D5938D08C5CA8850DFC5DB2DF7D64171BB6DBF97BC4BA55045F2889D775B7456"
"01-完整反编译结果-Vineflower/com\yiyiaddon\k\d\b.java","2390","B2DAC6A73023E426F14FDF6F9D26DC54D6489E86EF060EA6010ECC50CCDDE747"
"01-完整反编译结果-Vineflower/com\yiyiaddon\k\e\a.java","10959","20158270E8DB6A6F1E3305B760AEA63C4F7EE619BE17685C600EB1CF32C3FDA4"
"01-完整反编译结果-Vineflower/com\yiyiaddon\k\e\b.java","233","0F533E39392DF8659900770E404ADD9DCAE17575FA7F9257A4544E11808C19FF"
"01-完整反编译结果-Vineflower/com\yiyiaddon\k\e\c.java","98317","C77FBB1D4CD1BABE8C6A302A0BCB9F86CC0E29934B2CF5B7A0E992A14037EFF5"
"01-完整反编译结果-Vineflower/com\yiyiaddon\k\e\d.java","26547","48DC8A25DDB7D9FC9005EEA0D2C308840BA20AC9BFD43E8485989F1B43CE2BD0"
"01-完整反编译结果-Vineflower/com\yiyiaddon\k\e\e.java","84030","BF3EF8316772929F3E7EB2C4DAE5BE315F19BEFAFFABEC652AFD17E80FE0E46D"
"01-完整反编译结果-Vineflower/com\yiyiaddon\l\a.java","6288","54BED0C3E301574B38795C155D3910C7AE166CD3E541F3FBFB9EC8ED9FC8934E"
"01-完整反编译结果-Vineflower/com\yiyiaddon\l\a\a.java","1840","DF75791828B3470C6B72A9053DC14FB210A4BE90EEDADECC6874DD3EE0B87B25"
"01-完整反编译结果-Vineflower/com\yiyiaddon\l\a\b.java","8963","C51339FB134891A802628AD2C56A6C3C71C614481EB97D704E579DCFA932283C"
"01-完整反编译结果-Vineflower/com\yiyiaddon\l\a\c.java","1569","E7B97C3F1D458721523F94FD90626F44AB6B9ABA01FD2DE0A4F5D5391189DBB4"
"01-完整反编译结果-Vineflower/com\yiyiaddon\l\a\d.java","4866","C119E5A668E3537B2D10228913930F29EFA3EEABA4C436141E66E026BF82F4B0"
"01-完整反编译结果-Vineflower/com\yiyiaddon\l\b\a.java","10100","09BBB37F725208B347C03A8CBA8DE053AD280256EB176EA016342C103F261EC3"
"01-完整反编译结果-Vineflower/com\yiyiaddon\l\b\b.java","25744","8AB1CB8BAF3B0B8F4E02DCA94FB9FBAECF3110CD0729B3F3FAFFA6B23106B767"
"01-完整反编译结果-Vineflower/com\yiyiaddon\l\b\c.java","1844","4038D3BE252CA5C0CDBB4052F4279A2BFDD8C1EAB188B3E6AAFC17829D7B8F71"
"01-完整反编译结果-Vineflower/com\yiyiaddon\l\b\d.java","10467","79F8DC0ABDD575CCC359630298254A8AAE4FF479822ED4F33F11F48F8FAAF88A"
"01-完整反编译结果-Vineflower/com\yiyiaddon\l\b\e.java","16159","7CD77D8C2170B272AED30FD477D527EE626E29004F191C0117B4B22DC2704CE1"
"01-完整反编译结果-Vineflower/com\yiyiaddon\l\b\f.java","1406","C0434D508D50EBDBCD0AFA92FBB101F337BDB4FC6E95D3A105698D6150A056AD"
"01-完整反编译结果-Vineflower/com\yiyiaddon\l\b\g.java","465","88A9CD9D6AFB60B1DD466A1845471D56D241DC2D83DD4DD36B9875B07BE4B6F4"
"01-完整反编译结果-Vineflower/com\yiyiaddon\l\b\h.java","30474","A169DCE412CC94A0BD291CC66795702A69DE90A9CCE98A6D91C27012D74F9916"
"01-完整反编译结果-Vineflower/com\yiyiaddon\l\b\i.java","18719","09903787EA4D69161B02CEDCA9B7FCBD3E4DEDDD43EE40BBBEEE6FFA1C28020D"
"01-完整反编译结果-Vineflower/com\yiyiaddon\l\b\j.java","31209","D529112E106947547EB1DCD00B60B0DDC5E17B56DC84BDE009FF8B1ADE4C2567"
"01-完整反编译结果-Vineflower/com\yiyiaddon\l\b\k.java","6495","2C8D99A7B85A3407FA5A38585C4B6A2DC562921022F1E07A22E0EA89BA156C7C"
"01-完整反编译结果-Vineflower/com\yiyiaddon\l\b\l.java","7816","47229A46D64CC0B9E08135859922CA13C113F8EA9813DEE0148FB4A674450800"
"01-完整反编译结果-Vineflower/com\yiyiaddon\l\b\m.java","31580","699CBD4889061DC4B52051B6F5F6FED0BA34291E5B29AEFAF276741793DF3AC5"
"01-完整反编译结果-Vineflower/com\yiyiaddon\l\b\n.java","23345","16AACC8BE9A2D7BCA7B44A8051163471145321B8F02119C3B2EE146201DAB22C"
"01-完整反编译结果-Vineflower/com\yiyiaddon\l\b\o.java","14063","7886A956BF621AFCDB26FFAAD531EA92DF50769A88F33DC4790E8E76436CDEA2"
"01-完整反编译结果-Vineflower/com\yiyiaddon\l\b\p.java","27609","E8E655CD7BDDED61B4DF12893A1B5234AC6BC0630512D92C80BC5B71E5246C16"
"01-完整反编译结果-Vineflower/com\yiyiaddon\l\b\q.java","10613","DEA925815BB7E78E3F6FC634FEF60B9DEFF73B767318221B3E053F36EF4B89AD"
"01-完整反编译结果-Vineflower/com\yiyiaddon\l\b\r.java","5460","0631F7898BE7FC5E0E14345A82A400EBA923F5F9B62307996F085F6287A5866E"
"01-完整反编译结果-Vineflower/com\yiyiaddon\l\b\s.java","8626","86CA81CCD387F5555DF8312B7A447A3BA9D6DFE6BAD736891A55D6046B6C1704"
"01-完整反编译结果-Vineflower/com\yiyiaddon\l\b\t.java","8983","CA978D631F221EED187F0FC1ED8D177134B2038EB6F471DA33E786077196AF28"
"01-完整反编译结果-Vineflower/com\yiyiaddon\l\b\u.java","3720","3A44664D942F82D83CCEE3413F7F0A88E95230389084E002F1048B1F41DB4A90"
"01-完整反编译结果-Vineflower/com\yiyiaddon\l\b\v.java","3121","9E680723B6518FAEF182B4D51D9D2FDE0F297B63F8358D7BE080B96378A2B2F0"
"01-完整反编译结果-Vineflower/com\yiyiaddon\l\b\w.java","5823","75B77690BB22FAA5EBC44E8E69B0C0ADBF81BD6681C08129B16A351236C0D9C5"
"01-完整反编译结果-Vineflower/com\yiyiaddon\l\c\a.java","6067","477F77166459E7B8A677956A5B3D812FD1059BCA4F15822F22806D9FD04AEDD6"
"01-完整反编译结果-Vineflower/com\yiyiaddon\l\c\b.java","99","F344F4E5553DCC8B50CE2F3381F41EC9E2B39137C94ABFB112A91AE463D88F52"
"01-完整反编译结果-Vineflower/com\yiyiaddon\l\c\c.java","408","5073B33AF670976E4402924014A71644DE94D34BB086BCECA5BAA6D731D80E80"
"01-完整反编译结果-Vineflower/com\yiyiaddon\l\c\d.java","3034","DC2F525863DE49F7CE7EA0E832E2CC160FDC0BCE19B93D682123127EC389E45E"
"01-完整反编译结果-Vineflower/com\yiyiaddon\l\c\e.java","2823","60C8A17EE4939A32E91B8318E2BED07956505D4F31C433E4F8B398D57E2B0BF3"
"01-完整反编译结果-Vineflower/com\yiyiaddon\l\c\f.java","107871","427818D0EE09110F6007C84C5B0F02F7F2D59A1513C5143007B659EF291BA8D2"
"01-完整反编译结果-Vineflower/com\yiyiaddon\l\c\g.java","25996","BF93BA1B35C55C559876BBC89BDC7F069AD836DD95E70AD61F1FCEF8DE535A65"
"01-完整反编译结果-Vineflower/com\yiyiaddon\l\d\a.java","30644","B44CEBA7496C390DBD24D369ADD31CF23B2333575D2AE5648E4AA7F8B19B6357"
"01-完整反编译结果-Vineflower/com\yiyiaddon\l\d\b.java","12283","F093190CCDE6BE8816F9DF133843B53701B8CF9F95D1F0AA7F3CA3C90CD3CA2C"
"01-完整反编译结果-Vineflower/com\yiyiaddon\l\d\c.java","14669","E3A6AEB6C90C74281489857DB207A107936BDF244E2890A2A566625A9B1DB28B"
"01-完整反编译结果-Vineflower/com\yiyiaddon\l\d\d.java","42638","64E66227361B782F6A3850F266A8C11DEC047178EC616D8FE6BC9FC215D15A1E"
"01-完整反编译结果-Vineflower/com\yiyiaddon\l\d\e.java","182","649F5702718C443594906B66430D55D15CB8C9716EBA76C3D46CA6290BEA350B"
"01-完整反编译结果-Vineflower/com\yiyiaddon\l\e\a.java","9467","F2F42CEBD30A70C32CFBA8EE82DB37B6B4595D8060D60BC029A95A14FF9C7BB2"
"01-完整反编译结果-Vineflower/com\yiyiaddon\l\e\b.java","5130","8C93E39433CE71F48BD5209A137000920C2868ACD2A4BE37399CAE9111336FB4"
"01-完整反编译结果-Vineflower/com\yiyiaddon\l\f\a.java","21019","8264BACE2F08BDC13B9342FC66611B2A30AC4CCC2344254FC7CC25F165FBA4AF"
"01-完整反编译结果-Vineflower/com\yiyiaddon\l\f\b.java","22107","C09F125B9041D87B58AD5E12F2267BACC7E1CFC0AC2C5B57EE75AA037E9562F4"
"01-完整反编译结果-Vineflower/com\yiyiaddon\l\f\c.java","16517","DA19020623E01A2BF9632D8F5F5E6B218FE5EF55136E8C3C45D970759400693B"
"01-完整反编译结果-Vineflower/com\yiyiaddon\l\f\d.java","38898","0052D239B05B91E80B49C3D51E2176618A7EDB3A47E291507C570FF3823BFAE2"
"01-完整反编译结果-Vineflower/com\yiyiaddon\l\f\e.java","192424","ECB19428419303101B5E86FF63E81D8923709DD96577787A220F1D61C33A7457"
"01-完整反编译结果-Vineflower/com\yiyiaddon\l\f\f.java","15830","4C77ABF4521B09B6D7BD1E6E7CF6057720DD0AAA398A1CFC8DD5080CC3EC6129"
"01-完整反编译结果-Vineflower/com\yiyiaddon\l\f\g.java","80317","3667D7EC86BF5B8D84D1E48108F6F5DB2F4C484660A874DA73BE622A59650632"
"01-完整反编译结果-Vineflower/com\yiyiaddon\l\f\h.java","8347","BCAE7EE6C1D39631408F9AFE34EBCECF35311F3E127D84DB2303757BC939FFE8"
"01-完整反编译结果-Vineflower/com\yiyiaddon\l\f\i.java","117","87B276D1FE5D25DBC417F3BC9A783BEA489609DDAB173FC6C33154CE577F9706"
"01-完整反编译结果-Vineflower/com\yiyiaddon\l\f\j.java","1679","C92CC1141AAB20112AAD4BFC2AE488EE1825A7F1D32EEA2DDF481CFDE1E28304"
"01-完整反编译结果-Vineflower/com\yiyiaddon\l\f\k.java","9944","12CB3D592C2ECFC707082C75A7D871B67FC0657D3C6CB7FFCB0D7F1988B0CD18"
"01-完整反编译结果-Vineflower/com\yiyiaddon\l\g\a.java","36244","C1806BCEE13C496F0413461F767083ADE7C83B6A7CAD0656E84D31A40B812A77"
"01-完整反编译结果-Vineflower/com\yiyiaddon\l\g\b.java","11291","AF056CDC8CBC19B9475EFE088DB433AE90622518E06618678A41974B885E03DF"
"01-完整反编译结果-Vineflower/com\yiyiaddon\l\g\c.java","63227","B46A8461D1128DF6CC0A0A9FD940BA10EB0E2B81E5406C7F8A47F9ACC685DE4F"
"01-完整反编译结果-Vineflower/com\yiyiaddon\l\g\d.java","37249","5E5E637A4CA53471A4F792B4674BFC6D10D0D46D82666A94307D90D850E78DF9"
"01-完整反编译结果-Vineflower/com\yiyiaddon\l\g\e.java","14600","83C74DCD12086DBC6B5E4B1E16C3697B9FACD77C531F194C41671993EE4790CE"
"01-完整反编译结果-Vineflower/com\yiyiaddon\l\g\f.java","35661","8BA5AD8653BFE363CC1F182AF9F17B71F33EE5791EFB2A89FC5FFBB982EF92DA"
"01-完整反编译结果-Vineflower/com\yiyiaddon\l\g\g.java","12108","F443CE2C1D59037E64008B29B04D393EFB3A6C36ABE40469775DDDB094FA711D"
"01-完整反编译结果-Vineflower/com\yiyiaddon\l\g\h.java","37139","0B1DC881EC6396275EE79DD3192703CBA2F379EFD2ABA747115532B914D4275E"
"01-完整反编译结果-Vineflower/com\yiyiaddon\l\g\i.java","5982","8CF9C8F32B3B4A1C8B0DE9C0AF5542A4A867A4E4A770A67ADF73145AA8009858"
"01-完整反编译结果-Vineflower/com\yiyiaddon\l\g\j.java","19335","D929BC1B6BFF54BD175589022DCDE4EE47281F741D3ADB202593E0950A572306"
"01-完整反编译结果-Vineflower/com\yiyiaddon\l\g\a\a.java","4007","8179C1E4E00D3DA55B0E74FC88DB855C228B2A05542D87A50BA3D6AA7DBCDCF8"
"01-完整反编译结果-Vineflower/com\yiyiaddon\l\g\a\b.java","3105","CB5CAE8C59B2B23E92D3E7239405E6074BDF0D2A1D76A7C56844092204B8B94B"
"01-完整反编译结果-Vineflower/com\yiyiaddon\l\g\a\c.java","3876","331ACB6A02F8D99C354AA250CCB51C3A0A9971B0B3E0CDAC5B0E3EB19D9D4B6E"
"01-完整反编译结果-Vineflower/com\yiyiaddon\l\g\a\d.java","14775","100026BF01EDAA27321DC5FDBDC5E3CEE7EAABF35705220C81870DB2AF799B63"
"01-完整反编译结果-Vineflower/com\yiyiaddon\l\g\a\e.java","33300","C1FB39C87EC100903979BF8594F82CCEED05302E870647251D702B1D81DC4A3A"
"01-完整反编译结果-Vineflower/com\yiyiaddon\l\g\a\f.java","87279","3EC6B1E4E34EBC43B0CB3019439EC34ED90F1D80CF4676CA9492DA11BBD2BC13"
"01-完整反编译结果-Vineflower/com\yiyiaddon\l\g\a\g.java","1703","DA830AE9850CA0CFE1E5F3B9B75011BD3E662780CCC783A815FD073FC851CF7C"
"01-完整反编译结果-Vineflower/com\yiyiaddon\l\g\a\h.java","3800","3DC7A62EFAA309BF35FF86B69CC6785FDD7A4EAAC877AFE0011DDC7E80E258C1"
"01-完整反编译结果-Vineflower/com\yiyiaddon\l\g\a\i.java","3527","A44161BD53F82B9478A303FE85A900F9B887DF1B1DE7CC87AD4961A6C9CB72C9"
"01-完整反编译结果-Vineflower/com\yiyiaddon\l\g\a\j.java","4500","7A1D3E853D915A678F9F48EA7428A285EA4C2B873DFB3891BE23409424F73F61"
"01-完整反编译结果-Vineflower/com\yiyiaddon\l\g\a\k.java","4318","0CAA671E8E047BF123358E074990880573710A56E10EEE3FC7295EC6F71F9DF1"
"01-完整反编译结果-Vineflower/com\yiyiaddon\l\g\a\l.java","7494","831CFF5170EF1EB71E2D3AEF1747B536FF419B8D5B9F5005D7F17E319DD95F53"
"01-完整反编译结果-Vineflower/com\yiyiaddon\l\g\a\m.java","5058","886361E795D23BA3F79946ABA1A766644A394C331D8B07F66FDE83747C025B8D"
"01-完整反编译结果-Vineflower/com\yiyiaddon\l\h\a.java","126469","F0701F2E215B7F9B1114D428E73308698E44D32A899718E9DA8C64730EA4ED7A"
"01-完整反编译结果-Vineflower/com\yiyiaddon\l\h\b.java","6740","F87F03CDDAB808AEE5C73175D505E03DB0BAF79A945B2DB8B1950EF0604E08AB"
"01-完整反编译结果-Vineflower/com\yiyiaddon\l\h\c.java","16291","2F119F7E90B7B2043FD98D603AE3CECD1150FF8158C56A6EDE9B4BF237749C0D"
"01-完整反编译结果-Vineflower/com\yiyiaddon\l\h\d.java","12568","5D7E29B33D380F582EC493701C935C4B678D179420E258FB926CFECDDE2E5093"
"01-完整反编译结果-Vineflower/com\yiyiaddon\l\h\e.java","24201","3D75030D4FB83FF0DED3D4345100DFFDD9BB1F4D3FE683DAAF0EEDF1DDBC7B9F"
"01-完整反编译结果-Vineflower/com\yiyiaddon\l\h\f.java","33136","454B569A6F8A2DFFF5F2CFD33B27838BE6A42CCCD868872375339EE0CEB40007"
"01-完整反编译结果-Vineflower/com\yiyiaddon\l\h\g.java","108863","A1BCE99696D8535A4763E14A010375197BCE7553FF0CDA409EA18FB385BC224D"
"01-完整反编译结果-Vineflower/com\yiyiaddon\l\i\a.java","863","B8CB5E8FECAD8381D7FBE6836918905E8628F19890C5F29B2CBE99E874AD98B9"
"01-完整反编译结果-Vineflower/com\yiyiaddon\l\i\b.java","104","FF8D95D06840088ED710430EE5B605ECABF5D76E5C2FFEEE78532A48AA3A4B39"
"01-完整反编译结果-Vineflower/com\yiyiaddon\l\i\c.java","47533","5DEAFEA2242833B7B7C4E8FB552D60ABC8B515CCB943EC8608D8F4ECE82678C1"
"01-完整反编译结果-Vineflower/com\yiyiaddon\l\i\d.java","5729","75A3D8CD2AD7AC29EE42500CAF3AF23B70797340CD27AD47FB255A3DD38919EC"
"01-完整反编译结果-Vineflower/com\yiyiaddon\l\i\e.java","352","622791F98D59E6DF61621E494BFBE65C991AF009B97F76F0D28CEDBEB368EAF1"
"01-完整反编译结果-Vineflower/com\yiyiaddon\l\i\f.java","560","286CED6A2512686DE7C76E28916249C1A8E13205BA3A747A04BD496D59C2141E"
"01-完整反编译结果-Vineflower/com\yiyiaddon\l\i\g.java","847","A7C2C8C65D6E352149E00126ED6F90171E786E6B8054D2B02182DBB39CB1AE78"
"01-完整反编译结果-Vineflower/com\yiyiaddon\l\i\h.java","849","B2865C03B0AC2345DF971731CE128AC383573BD54E3EFA36B5D8DE5D3F5849E4"
"01-完整反编译结果-Vineflower/com\yiyiaddon\l\i\i.java","836","B54C81ADB285FD798A4F7DD24FEE365518435423EB98ED38D455E9EB9A652323"
"01-完整反编译结果-Vineflower/com\yiyiaddon\l\j\a.java","45900","5A62BE78739152D8557D716B675067F00C267C4404920C8C69A1DCB2A714B33C"
"01-完整反编译结果-Vineflower/com\yiyiaddon\l\j\b.java","27878","898AFF5310D033E1FA3455A6D81545CDC1FD1FF542C84A286A20A0B3F0E68C07"
"01-完整反编译结果-Vineflower/com\yiyiaddon\l\j\c.java","2946","FC5421530D48CF3240270952770CA51EE82753FD33F521F34C6778DB24CF54EB"
"01-完整反编译结果-Vineflower/com\yiyiaddon\l\j\d.java","2809","5AE392AE5198C111C869640530AE21FF4983F3A539C561EF5A0DA7484EC8D5E0"
"01-完整反编译结果-Vineflower/com\yiyiaddon\l\j\e.java","4731","BF37954C9C4FAEE354557D3FF1555419E81FACD6AE76A3581F424AF987195CAA"
"01-完整反编译结果-Vineflower/com\yiyiaddon\l\j\f.java","16328","D98BCD156F7B431B51859024F9390A9CFA5D928DA91704A9B777A2CF8EB471A5"
"01-完整反编译结果-Vineflower/com\yiyiaddon\l\j\g.java","4585","B00A7C3AFE988BBA4481A5358E84E61717C6ECDE057E91803C801D4C2092388D"
"01-完整反编译结果-Vineflower/com\yiyiaddon\l\j\h.java","278568","B2FEAC42261DFA2C9320195A806A619DBF4D33407C91D2FF9C2D6931F312B51B"
"01-完整反编译结果-Vineflower/com\yiyiaddon\l\j\i.java","21432","813AB53219903CD862A0507124C39F9AB44FE73EE63D2C81B6AAAFB4FFAE5E06"
"01-完整反编译结果-Vineflower/com\yiyiaddon\l\j\j.java","8383","C4778D19DC14EF3D3B32BBF8F67BA343F6A838DBFF16B45C82F05EC49C65B5F5"
"01-完整反编译结果-Vineflower/com\yiyiaddon\l\j\k.java","32972","F901463EAF8585307C1ADF008C38BB5FE3FE156428C39654033414D6373F517B"
"01-完整反编译结果-Vineflower/com\yiyiaddon\l\j\l.java","5960","0ABF35364C0A49C2CBDF94C76B375F6116BD681DBC9E78CFE8B1CE9270D88E36"
"01-完整反编译结果-Vineflower/com\yiyiaddon\l\j\m.java","59952","84A480A59427CFCD89EE4EF22D1C9A3A2100A13761B23560BF9B0CD56FE119E9"
"01-完整反编译结果-Vineflower/com\yiyiaddon\l\j\n.java","14187","35470E5114F1BAFB1128E5D1120AD581151078991E9AAD83C4BA3E9C90FC91B4"
"01-完整反编译结果-Vineflower/com\yiyiaddon\l\j\o.java","20912","BB7ECD90D73170A2D2692D6A5B44B392DFA92159F7E76AB472DC4CF999C796E1"
"01-完整反编译结果-Vineflower/com\yiyiaddon\l\j\p.java","833","6D46259BF96BAFD74EB3337D51BD3A5FF057F90051146D2361D4AF6EE04BF54C"
"01-完整反编译结果-Vineflower/com\yiyiaddon\m\a.java","5200","505AA308FFC0F53F8ED6579F61857BDC87B481BAE79FDA3D618FF7BC799D5AC6"
"01-完整反编译结果-Vineflower/com\yiyiaddon\m\b.java","2047","987B6AAA9236D7DECA6E763A88FC05BC431354269974E9A85F0D66A82E30D5D8"
"01-完整反编译结果-Vineflower/com\yiyiaddon\mixin\baritone\BaritoneCommandLongDescMixin.java","2971","803D0AA8ED3D298285217493CFF91F27FF6C65AFCCC50E06DB77BACC10391D77"
"01-完整反编译结果-Vineflower/com\yiyiaddon\mixin\baritone\BaritoneCommandNamesMixin.java","2162","B85AB248CD5167DBA163B34420322111C0D1C502A5C2ECED78EBA0FA9FE90CC1"
"01-完整反编译结果-Vineflower/com\yiyiaddon\mixin\baritone\BaritoneHelpCommandMixin.java","6040","7D6C140421A71A8DB856FC1AB6AF6AA192729F084865E0599425323B3DC3AF5B"
"01-完整反编译结果-Vineflower/com\yiyiaddon\mixin\baritone\BaritoneHelperTranslationMixin.java","1361","8DDD4C97F44A182814920CF511B5967C798FA8AFD2E3475C5C7669EC516B4C8C"
"01-完整反编译结果-Vineflower/com\yiyiaddon\mixin\baritone\BaritonePaginatorMixin.java","1259","FECCD36C752F1636285468EE3876C15FBBC5727BF223171D3AC70D3AC4447E93"
"01-完整反编译结果-Vineflower/com\yiyiaddon\mixin\baritone\BaritoneSetCommandMixin.java","2433","A5BC00D5AF043CE706C356226405D2409A262F7C97232478A8564236379C8126"
"01-完整反编译结果-Vineflower/com\yiyiaddon\mixin\client\ClientLevelPredictionAccessor.java","449","6D3942F6F6D0E5A839E38D6662B7EAA7E7403675ADA6D361A7A433A41E20F498"
"01-完整反编译结果-Vineflower/com\yiyiaddon\mixin\client\CommandSuggestionsCompletionMixin.java","5188","A716F9B127A7B6E205A11C2052A8BA2F060FE203572D081553B448F7D96B01ED"
"01-完整反编译结果-Vineflower/com\yiyiaddon\mixin\client\ConnectionPacketMixin.java","1090","10B4DE5EAC21A56413C62D8653E5A32EA5967BB4A74FCCA325DCA1361D085A7D"
"01-完整反编译结果-Vineflower/com\yiyiaddon\mixin\client\GlCommandEncoderMixin.java","694","D4A9E30AA586E468C97C506342A49CC1F83962A22D3907C035F7758158A599A8"
"01-完整反编译结果-Vineflower/com\yiyiaddon\mixin\client\GpuDeviceAccessor.java","354","E932DB72CB29CF5FB8785E9FAC394F2BC94551A6A30503CBE2C39DF9AA8C6DB9"
"01-完整反编译结果-Vineflower/com\yiyiaddon\mixin\client\GuiRendererMixin.java","605","95F29E443B767C62240654AE20B6608EC1BF456446EC9219E2EF60B69678A947"
"01-完整反编译结果-Vineflower/com\yiyiaddon\mixin\client\KeyboardHandlerAccessor.java","380","7C02F9509BAE4A390EAA654BC7FC5E6B9117A1D9CE8D69773F589630FD8EF2F0"
"01-完整反编译结果-Vineflower/com\yiyiaddon\mixin\client\ModelManagerReloadMixin.java","608","28A8A186BC31914EE267C39AB1C1AB3D0A8CCA795AA0008B746BF5B30EB41A83"
"01-完整反编译结果-Vineflower/com\yiyiaddon\mixin\client\MultiPlayerGameModeFastBreakMixin.java","2003","4F914F4AC5F1A9CAD5275B898490256A26D04E50AE1E4B3C4BD41B313A2C6DEE"
"01-完整反编译结果-Vineflower/com\yiyiaddon\mixin\client\MultiPlayerGameModePacketBreakMixin.java","1059","53AB140AC50FA06511ED082C44D82576688E5BB8D49AD80E3F72D2D2E37D067B"
"01-完整反编译结果-Vineflower/com\yiyiaddon\mixin\client\PreeditCaptureMixin.java","745","88264689A4441B70442AE43D011AA17C47C7EA993B594750A63CC3DAE2D68D14"
"01-完整反编译结果-Vineflower/com\yiyiaddon\mixin\client\RenderTargetMixin.java","793","64E6B3D350A8D075A0802DBF6C6B79A00D7C7E45A8AAC551EB1DDFA5AF3AA8F3"
"01-完整反编译结果-Vineflower/com\yiyiaddon\mixin\client\ResourcePackPushMixin.java","1682","4C6000FB93B5C91F8C24099CEA5288432243E312BFD50E273A453DFC9C7C7BD2"
"01-完整反编译结果-Vineflower/enchantment\vanilla\candidates\level30\bow-level30.json","19713","A9A579CF04E328D0619B74F87D507DED77902546EA89D26F4D422299DF4E6703"
"01-完整反编译结果-Vineflower/enchantment\vanilla\candidates\level30\chainmail_boots-level30.json","31950","9D86D4FD091367D53046E111A6E7BAB00613F3CDBA6FB5FFA33967C3A57F8F62"
"01-完整反编译结果-Vineflower/enchantment\vanilla\candidates\level30\chainmail_chestplate-level30.json","30453","DACADB53F6970DBAEA05B2047DD9357293C80BDD4453CE6B18C40413B724B8CA"
"01-完整反编译结果-Vineflower/enchantment\vanilla\candidates\level30\chainmail_helmet-level30.json","35446","A12500C04B74BE7D5712F20FB2E05AC050C403123E448AFEE713B7DA748534B4"
"01-完整反编译结果-Vineflower/enchantment\vanilla\candidates\level30\chainmail_leggings-level30.json","25065","BEED06D459E9DB43E841C3E0ABF34651BB54FDEDB342D3B7A16FF11A9C076080"
"01-完整反编译结果-Vineflower/enchantment\vanilla\candidates\level30\copper_axe-level30.json","26039","0BB061611D1F8E3E20CF4406C41BCEE7CF403BF274882563B8C619045B3C6B1A"
"01-完整反编译结果-Vineflower/enchantment\vanilla\candidates\level30\copper_boots-level30.json","28164","B2A675278C825D26CBEAC85A0466F30F81C0AB81AE3EC724D0FF02A455FF9DAA"
"01-完整反编译结果-Vineflower/enchantment\vanilla\candidates\level30\copper_chestplate-level30.json","26688","2793860831B7B88BBAFDF67EE3B0677D0EE3172561DC0972E01972847A97B8EE"
"01-完整反编译结果-Vineflower/enchantment\vanilla\candidates\level30\copper_helmet-level30.json","31370","C2C5F64548FDEBBF828993620BFD3E4E839B101CACA07BFC9801E2B4C6A3572C"
"01-完整反编译结果-Vineflower/enchantment\vanilla\candidates\level30\copper_hoe-level30.json","26039","07BC0B790131CBDA260DC8B8CFD6D6964439C33E973AA54E3094947D4BB90D46"
"01-完整反编译结果-Vineflower/enchantment\vanilla\candidates\level30\copper_leggings-level30.json","22167","8F7765E11045980A554C29B63CD1BDB760C2EA57E448606F0B828410ADF8F628"
"01-完整反编译结果-Vineflower/enchantment\vanilla\candidates\level30\copper_pickaxe-level30.json","26047","EECA88326051CA02B492868EAF7AB28EEAA15F1750EDFA4C0C54CDCB61E7A164"
"01-完整反编译结果-Vineflower/enchantment\vanilla\candidates\level30\copper_shovel-level30.json","26045","C775B812139B2A46629F7F899DDE55C04CC0FAFCF6AA6FF4AD117F0E73C33129"
"01-完整反编译结果-Vineflower/enchantment\vanilla\candidates\level30\copper_spear-level30.json","47300","D5A23C18D17BBBED9E08B1B3880D576FA2CF5B02E29E889D48840450C691384B"
"01-完整反编译结果-Vineflower/enchantment\vanilla\candidates\level30\copper_sword-level30.json","46564","6A1D52AB7591390306181B5F1BD32331CEE2D7AD4F9C819CF963C4CEF91CB2E8"
"01-完整反编译结果-Vineflower/enchantment\vanilla\candidates\level30\crossbow-level30.json","16588","955F0BD7114025C667EFADB76340CD009C031290AC42595FBB02E4A65E6B3FA2"
"01-完整反编译结果-Vineflower/enchantment\vanilla\candidates\level30\diamond_axe-level30.json","21951","BDEDA9A868B1099C5390A164318E307F954A49DD916548B9B55421F977E12448"
"01-完整反编译结果-Vineflower/enchantment\vanilla\candidates\level30\diamond_boots-level30.json","28170","56F4D1691301EB3DA3A9FB9FAD5E42FA9934C5EADFB68837D125093A533623D6"
"01-完整反编译结果-Vineflower/enchantment\vanilla\candidates\level30\diamond_chestplate-level30.json","26694","853F29280851F63AC3DF016C1E0F2015BE4928D064D8F3039AF493E73238924A"
"01-完整反编译结果-Vineflower/enchantment\vanilla\candidates\level30\diamond_helmet-level30.json","31376","4811D25B81C4F5BAA77765574D5008497FA36E50B355334253EDADB94CAE2E09"
"01-完整反编译结果-Vineflower/enchantment\vanilla\candidates\level30\diamond_hoe-level30.json","21951","0A73247F4357D79AADA5DE83B4FF2F8DDB609F129AF045473F406093FC251E22"
"01-完整反编译结果-Vineflower/enchantment\vanilla\candidates\level30\diamond_leggings-level30.json","22173","5C4FA51D573B682291260325542BB3304174B870C38B5AEED171997E49D54A82"
"01-完整反编译结果-Vineflower/enchantment\vanilla\candidates\level30\diamond_pickaxe-level30.json","21959","136912997F2E80074160399D62338E67494A1987110D97B12D706922B6F42108"
"01-完整反编译结果-Vineflower/enchantment\vanilla\candidates\level30\diamond_shovel-level30.json","21957","0702948175012EECE82EC0759263E8002700D83AC7B4E5911D37126476E206FB"
"01-完整反编译结果-Vineflower/enchantment\vanilla\candidates\level30\diamond_spear-level30.json","40333","4739A1916047F75B5B5CF5C971EB7BBEAE261E2425BC5DB81911666E99E855E9"
"01-完整反编译结果-Vineflower/enchantment\vanilla\candidates\level30\diamond_sword-level30.json","39885","6FDF8BCC40CF9C44A79DFA6046B903B4AA6D339C38BB29A8BBFE59E74B3770D8"
"01-完整反编译结果-Vineflower/enchantment\vanilla\candidates\level30\golden_axe-level30.json","31427","77C624C36E027D69508F3D093F598C56D3ADEC2A3EA6A39EEA950204C808C801"
"01-完整反编译结果-Vineflower/enchantment\vanilla\candidates\level30\golden_boots-level30.json","35941","A281970513520F1859424BF740EC3A6D505B0906A70FC7A2D5D9635AE5935A60"
"01-完整反编译结果-Vineflower/enchantment\vanilla\candidates\level30\golden_chestplate-level30.json","35586","14728A467A4529796AE929FE1C467D79FEA796BE4BE9D6F5F10E5B4B688F45D0"
"01-完整反编译结果-Vineflower/enchantment\vanilla\candidates\level30\golden_helmet-level30.json","40609","37103959B3741B91B6C58353BFD0AB326F1F5DC78742046DD658935375C55844"
"01-完整反编译结果-Vineflower/enchantment\vanilla\candidates\level30\golden_hoe-level30.json","31427","03C2EE37A98B6696295C13885A9362DB358313D3FAB343EED5676E471E503A43"
"01-完整反编译结果-Vineflower/enchantment\vanilla\candidates\level30\golden_leggings-level30.json","28464","3EB24B7D2FAE9DA254EC1CFAC9F97747A9D8A1C5760024B715079F6CB12AD8E0"
"01-完整反编译结果-Vineflower/enchantment\vanilla\candidates\level30\golden_pickaxe-level30.json","31435","7065F772B538CD3652AB902B523B651DDB14095711FE78138E6AE0692086C125"
"01-完整反编译结果-Vineflower/enchantment\vanilla\candidates\level30\golden_shovel-level30.json","31433","B2A36DD4F471C51568E5589C34FF7910937CB1C438C5CF57E634BF066DCFC7D0"
"01-完整反编译结果-Vineflower/enchantment\vanilla\candidates\level30\golden_spear-level30.json","56263","591D243B374B27D352D21095AC663854DF3B0643227422A015E0B4C3DFB2D290"
"01-完整反编译结果-Vineflower/enchantment\vanilla\candidates\level30\golden_sword-level30.json","55527","57593AF5F3BA7666635AF314ABEF2E68BA1C2C1AC1EFC8F84396D7EA2CFFC862"
"01-完整反编译结果-Vineflower/enchantment\vanilla\candidates\level30\iron_axe-level30.json","26035","7F51D24B7B73252D0AFB9352DED6D1CC27BD4A9BD4AF581E92F431A0D80F2AC6"
"01-完整反编译结果-Vineflower/enchantment\vanilla\candidates\level30\iron_boots-level30.json","28160","71878635289E731C8996E1B897E7C6F179A312B7493F8D48C4A63EDBF4156410"
"01-完整反编译结果-Vineflower/enchantment\vanilla\candidates\level30\iron_chestplate-level30.json","26684","5BC2EB6D527803FAE2586CBC1443B756BABE568ED0105DE79F8D9EBB24711519"
"01-完整反编译结果-Vineflower/enchantment\vanilla\candidates\level30\iron_helmet-level30.json","31366","70207C8D53578716C12F287603FB9531E8EB200F554778C05C59DC026EBAB188"
"01-完整反编译结果-Vineflower/enchantment\vanilla\candidates\level30\iron_hoe-level30.json","26035","9692901767D2E04F64B167E6A6A6F1C26AEF9753B35B32371E57B7D1F6C71DB8"
"01-完整反编译结果-Vineflower/enchantment\vanilla\candidates\level30\iron_leggings-level30.json","22163","505037D0AD5A343101DB23E1C4E12359043F874BFD59588C3F80971997CA7175"
"01-完整反编译结果-Vineflower/enchantment\vanilla\candidates\level30\iron_pickaxe-level30.json","26043","F7E6F899F6CC075E37D0ED204E5EA4F339309FE1657F0D558DB65FA825F33E83"
"01-完整反编译结果-Vineflower/enchantment\vanilla\candidates\level30\iron_shovel-level30.json","26041","6DEE2C36042F0AADC8F3173A1DBE02C087B55ACAD5950BA45F4F68D9C69A3641"
"01-完整反编译结果-Vineflower/enchantment\vanilla\candidates\level30\iron_spear-level30.json","47296","CFC52C539D609523D60F0FA83D9698F84E95351C2DB6B733A7844E9F0D656E7B"
"01-完整反编译结果-Vineflower/enchantment\vanilla\candidates\level30\iron_sword-level30.json","46560","A2D95BB812AFA1A1752D425898B909DE33BC40C84E8FFFD22F1F0D864E3FB19F"
"01-完整反编译结果-Vineflower/enchantment\vanilla\candidates\level30\leather_boots-level30.json","31946","1AE2B9BFC9FA8A7DB0E7309C37F3BD431A776C9C6E9F9167E8FB1AC3CAE2B4EF"
"01-完整反编译结果-Vineflower/enchantment\vanilla\candidates\level30\leather_chestplate-level30.json","30449","884F80F778EED5113A19024F037FFBD3D61C5745D2998B7F6F1CB6F0F6B05BF7"
"01-完整反编译结果-Vineflower/enchantment\vanilla\candidates\level30\leather_helmet-level30.json","35442","681621D44088D74867A66B78F8234B9D9C77F1DAD74DF7B93C0B4F26A6FA1093"
"01-完整反编译结果-Vineflower/enchantment\vanilla\candidates\level30\leather_leggings-level30.json","25061","C61CA86F271D3E4DB5C570616C31A2C8F489BCD4C1DE15B2596B018130D10CC6"
"01-完整反编译结果-Vineflower/enchantment\vanilla\candidates\level30\mace-level30.json","20553","84FEDEE608EFB5E5E0CE584B4F8BBCD6A5E7189ED41CE4A92099EEA9CA50C276"
"01-完整反编译结果-Vineflower/enchantment\vanilla\candidates\level30\netherite_axe-level30.json","26054","1D222132A72189B74FF690F130FB5ECAF455201DC73E80E252F41122F5D65DA2"
"01-完整反编译结果-Vineflower/enchantment\vanilla\candidates\level30\netherite_boots-level30.json","31956","DFB10CA780417DA2F3D824C1D9F3E122CB7534358B070A2C75F911648C94455F"
"01-完整反编译结果-Vineflower/enchantment\vanilla\candidates\level30\netherite_chestplate-level30.json","30459","ED630845DC5EF92743CBDEE4EACFC59B40D4CE763C47A7D398FC25F05417ADA2"
"01-完整反编译结果-Vineflower/enchantment\vanilla\candidates\level30\netherite_helmet-level30.json","35452","CA2C30189CF8BCF634DE9BAE50050F038086B56FF3628BE85FCDBBD0ED82B31F"
"01-完整反编译结果-Vineflower/enchantment\vanilla\candidates\level30\netherite_hoe-level30.json","26054","4CE7C79C253B1D8B3862C35A081420AAFE4C8BAF63118FED0ED791DDCA82FD44"
"01-完整反编译结果-Vineflower/enchantment\vanilla\candidates\level30\netherite_leggings-level30.json","25071","354A5621E8F283817F4C8FB9602876CD22F05717AD01831D0D5C5413B94F1FE8"
"01-完整反编译结果-Vineflower/enchantment\vanilla\candidates\level30\netherite_pickaxe-level30.json","26062","2D49EBC9D6D231184A5E20352CB3080FDCFE92330EE765A5531B6D70BB796605"
"01-完整反编译结果-Vineflower/enchantment\vanilla\candidates\level30\netherite_shovel-level30.json","26060","639DA507EA7616A3A20DACBC354CE3A09557481E883C93A688046B1D0CB12ECE"
"01-完整反编译结果-Vineflower/enchantment\vanilla\candidates\level30\netherite_spear-level30.json","47315","80BF888A1D7226EC2A2DE00DB0099863781A7E9C82A52C8D6D2A8A14362D1F68"
"01-完整反编译结果-Vineflower/enchantment\vanilla\candidates\level30\netherite_sword-level30.json","46579","C95284774DB0D16201B2863E92A1D61765F5E7FB75256CE66F0D61BA5D6D7FBA"
"01-完整反编译结果-Vineflower/enchantment\vanilla\candidates\level30\stone_axe-level30.json","19249","8DD3718A2826EB9F12603C09E0A4D83B425613EE3E26CDF54691B7BB9ABB856F"
"01-完整反编译结果-Vineflower/enchantment\vanilla\candidates\level30\stone_hoe-level30.json","19249","D9C7A8C6FD5DA358F98081254A28B8C7C9834F5350F553033E54FB265C253FFE"
"01-完整反编译结果-Vineflower/enchantment\vanilla\candidates\level30\stone_pickaxe-level30.json","19257","E1B0B906AEAF3C8112D86673D7F81CA3184E321E6D86DB6AE55F71F280E41C53"
"01-完整反编译结果-Vineflower/enchantment\vanilla\candidates\level30\stone_shovel-level30.json","19255","E949395100A549B983AA3F0C741BFD1C1974991BF124FDF4407B60BF21B9CB0D"
"01-完整反编译结果-Vineflower/enchantment\vanilla\candidates\level30\stone_spear-level30.json","35293","86E45A6E709CA4240EB11E57B6A62C5DAB6B29963A0AD8A1B4BC1CAD3C162A07"
"01-完整反编译结果-Vineflower/enchantment\vanilla\candidates\level30\stone_sword-level30.json","35421","8A2ECBDCA3148AF4BFBD672A7A8D6FFE9261E540A845979DA4DE210C21447E27"
"01-完整反编译结果-Vineflower/enchantment\vanilla\candidates\level30\trident-level30.json","19847","F99A9A6A268D213DDC7C9D05903FC8A7A63796B3049E3F6F8BA26469552AFA06"
"01-完整反编译结果-Vineflower/enchantment\vanilla\candidates\level30\turtle_helmet-level30.json","31370","ECA74962A987AF3FB163B517AC68EC75D1471C4EC1CF9F2BAD2090FF9BD9A42E"
"01-完整反编译结果-Vineflower/enchantment\vanilla\candidates\level30\wooden_axe-level30.json","26039","BD1B66079A75B29A4FFCC5AEF25888A2C9D5C7FE1900027BAEAA81A2C9F45C64"
"01-完整反编译结果-Vineflower/enchantment\vanilla\candidates\level30\wooden_hoe-level30.json","26039","3BF63B90D474A47B9F84CD5078D88209BD1F0551B4B79D78CEF84F7E38164F4F"
"01-完整反编译结果-Vineflower/enchantment\vanilla\candidates\level30\wooden_pickaxe-level30.json","26047","610BF1EE6A80C72D573464D7864ACFA4C844D66F934411D2C8582A6D067E8703"
"01-完整反编译结果-Vineflower/enchantment\vanilla\candidates\level30\wooden_shovel-level30.json","26045","376D5799142786B3B65ACE2B50E57B34C1D2D32E9362A0299635D8E822E5C17A"
"01-完整反编译结果-Vineflower/enchantment\vanilla\candidates\level30\wooden_spear-level30.json","47300","2F0AE14CD13D282C998942C949180627DEE84D03DF7C880ADCF74D87DDBD0CFC"
"01-完整反编译结果-Vineflower/enchantment\vanilla\candidates\level30\wooden_sword-level30.json","46564","975507C3CD3919E1C8AC261EC214ECDD02DA9A6D7BF38C369982370115D89831"
"01-完整反编译结果-Vineflower/enchantment\vanilla\conflicts\conflicts.json","8868","351788BDC070F98D2C807CBC9A5D60CA332D788B759D1C93B1F567B906EB0191"
"01-完整反编译结果-Vineflower/enchantment\vanilla\enchantments\enchantments.json","37598","B1197AC36831AA5964D6775C144D54D1D35157849CB3CFE153A330AE5E7E7B61"
"01-完整反编译结果-Vineflower/enchantment\vanilla\items\gears.json","60869","257059A54052296591DC4599E9F74D2A0CC016B63627DC94EE5E4106D74D9339"
"01-完整反编译结果-Vineflower/enchantment\vanilla\meta\rules.json","286","DA55BBD5EE194B5FB45765A1F97F6B853FDEF0E4E0C9726AF298D0B9BA4EA33D"
"01-完整反编译结果-Vineflower/META-INF\反编译声明.txt","563","FFFD1D488C656B770BEECFE647728E4C8EB08D6BD89F584EE27240A55E9EF8D7"
"01-完整反编译结果-Vineflower/META-INF\MANIFEST.MF","348","DA947966A18946EEAB9FD1DC4D93B4A4B7F79F9FBA22DC415760E112F6F11CDF"
"01-完整反编译结果-Vineflower/META-INF\jars\baritone-fabric-1.18.0.jar","5042583","48AC8DB16848390B569880519496B4BEEB59F189FA83C398F6776EF1202E8B44"
"01-完整反编译结果-Vineflower/META-INF\jars\skija-shared-0.143.16.jar","380452","FF4084E072DC5F10066CA3F073175EA427ADD6B6E285584605A9A48546FC8A2F"
"01-完整反编译结果-Vineflower/META-INF\jars\skija-windows-arm64-0.143.16.jar","9640304","D2D29082D767F229AB94C7270DC7578A0BBA6EA4DCE5B9D5C26CDB77254C5C7B"
"01-完整反编译结果-Vineflower/META-INF\jars\skija-windows-x64-0.143.16.jar","10494143","A172E6A0B15C69FFD0AAA4DC9892052BB7DC85DE2193E51EA4DD149C3B7B4E69"
"01-完整反编译结果-Vineflower/META-INF\jars\types-0.2.0.jar","16457","B973E052E87E446974E2A4009C3100A11344C556A28ADFE5ECB3D384F97AF956"
"02-抽样反编译结果-CFR/com\yiyiaddon\k\b\a.java","18820","33ACB5E5799944B5CE6F6598E12374713C49CACC2CD7DD3AB263B63BB04BB446"
"02-抽样反编译结果-CFR/com\yiyiaddon\l\a\a.java","2758","E619FECC29F1CA4B20F751B21DBDA99423201FACD39495230B8BBACB30DA93F4"
"02-抽样反编译结果-CFR/com\yiyiaddon\m\b.java","2241","988B0CFD9FE6CD67BA92853F45C8ABCF91F757D7908134A2DCF5CDE0CD616780"
"03-解压字节码样本/com_yiyiaddon_k_b_a.class","10667","1F948CE74CEA5F0A3A309C4B47472DF6B9D1B86FECD0F1F3B733A9B5DD708F16"
"03-解压字节码样本/com_yiyiaddon_l_a_a.class","1215","35448D6733D67F80ECB9DC4905995170200DC88B0ADC845FD7B1E29FF1DE7A61"
"03-解压字节码样本/com_yiyiaddon_m_b.class","2729","981635BAEC66B5953606D173723B36F0496A33FE443B011212D270C497A40552"
"04-对应混淆发布包/yiyiaddon-1.0-beta1-obfuscated.jar","44392732","6116886369f23dcee385458a24a117349db0f763a5fede6d405d973154bb1a2b"
"05-测试日志与参数/Vineflower-原始测试参数.txt","22515","4D57BA290D23B7A7244CD51D198F062BC17A10DB4B8AE0FEAC8F56CA71336167"
"05-测试日志与参数/混淆发布构建日志.log","1588","3DDD9313F23CD9F708EDE6742521BC7EC22980D543164F59740C8B31D427BDF7"
"05-测试日志与参数/CFR-解密入口样本日志.log","0","E3B0C44298FC1C149AFBF4C8996FB92427AE41E4649B934CA495991B7852B855"
"05-测试日志与参数/CFR-缓动函数样本日志.log","0","E3B0C44298FC1C149AFBF4C8996FB92427AE41E4649B934CA495991B7852B855"
"05-测试日志与参数/CFR-最后一个抽样的原始参数.txt","20585","D35C210888D5DF543E7E4D74FC71AAA4CF31CAFAC4887B4B7F956EC9D2EBA097"
"05-测试日志与参数/普通构建日志.log","0","E3B0C44298FC1C149AFBF4C8996FB92427AE41E4649B934CA495991B7852B855"
"05-测试日志与参数/CFR-身份服务样本日志.log","0","E3B0C44298FC1C149AFBF4C8996FB92427AE41E4649B934CA495991B7852B855"
"05-测试日志与参数/Vineflower-完整反编译日志.log","70","97C3CB7BBD3BB892816B910371F92D657FFA6DB085B6BFF9B373D3DD3E055215"
